Hash do merge,Data do merge,Tempo de isolamento [ramos],Tempo de isolamento [merge],Desenvolvedores 1,Desenvolvedores 2,Diferentes desenvolvedores,Mesmos desenvolvedores,Intersecção de Desenvolvedores,Commits 1,Commits 2,Arquivos alterados 1,Arquivos alterados 2,Intersecção de Arquivos,Conflito,Arquivos,Chunks
9a010fde51788c041283cfca5b2fb75e8a287235,2017-10-09 18:32:26 -0400,90.2639120,201.9845949,32,1,33,1,1,81,1,81,2,1,NAO,0,0
62d62bc4eca23dbf4424392116964e68512026fd,2017-08-02 18:33:02 -0700,134.9456250,137.1830208,4,1,5,0,0,13,2,18,1,0,NAO,0,0
6ae49d6c48a469dd4ccde50d68820d73cc9db983,2017-08-02 18:29:38 -0700,241.5178704,263.7857060,43,1,44,0,0,158,8,369,6,1,NAO,0,0
d7dc91ddaebda7597e114a052d94eaa44ffb512d,2016-11-12 10:03:16 -0800,29.2249769,52.6036921,1,23,24,1,1,3,65,2,189,1,SIM,1,1
e90e864617d3c501c2eaa1119392781c58a2ce63,2016-09-14 09:55:33 -0700,14.2629745,17.7962731,27,1,28,0,0,60,1,108,1,0,NAO,0,0
826c498c6fb8fcb894017e6150aa615d3373efc3,2016-08-27 14:48:55 -0700,10.2726505,68.5586458,2,1,3,0,0,14,1,219,1,0,NAO,0,0
c2c2472e38db83acc9ba586027b705f3a9e98683,2016-04-06 15:46:17 -0700,17.8557755,30.5635532,3,1,4,0,0,14,1,123,1,0,NAO,0,0
49f84cc6f33b21292df816a0a63d36c87925dabb,2016-01-15 16:44:56 -0800,42.7451620,66.6663310,22,1,23,0,0,85,1,200,1,0,NAO,0,0
eef69fc7842d0c35900f639792c2f782024143ab,2015-06-24 21:41:41 -0700,38.6227778,42.8746412,6,1,7,0,0,8,1,90,2,0,NAO,0,0
c5f93cd2b1e48670ffbcfe894f8250dab5997183,2015-06-22 17:53:55 -0700,37.9957407,40.7164699,5,1,6,0,0,7,1,89,1,0,NAO,0,0
deefa934b227c5544b708aac27cf6fd552284d91,2015-06-22 17:51:18 -0700,3.6112731,14.1165972,2,1,3,0,0,4,1,86,2,1,NAO,0,0
89d76e55b5332ec7c966bc544cabebe6498daa0e,2015-06-18 23:06:01 -0700,34.2090509,36.9332060,3,1,4,0,0,5,1,87,1,0,NAO,0,0
ae47f768d71e4198c09f84d163a4e71e7ac1cbfc,2015-06-08 15:03:24 -0700,73.9562500,143.1684838,15,1,16,0,0,107,1,628,1,1,NAO,0,0
1f22b266c2411d1e06d7e518d5dd866fa40d107d,2014-10-01 10:16:46 -0400,9.1333449,26.2687616,1,1,2,0,0,1,4,1,140,0,NAO,0,0
ec5c9d21287d096d2e460e20e051f1ae4dc0223e,2014-07-24 23:05:48 -0700,10.7410417,11.0618287,3,1,4,0,0,11,7,6,179,0,NAO,0,0
2b76d2bde73734b7e51f66c43029236d4c1f9f52,2014-07-14 00:36:16 -0400,10.3128819,10.3291088,3,1,4,1,1,15,1,16,8,1,SIM,1,1
39d416dfce76eaf31c64e8ae5b838d9fc0ab2c49,2014-07-14 00:33:24 -0400,10.3081019,10.3271181,3,1,4,1,1,9,4,5,4,0,NAO,0,0
3128c63eb0e31630a9d61e8790af9e65f1e544c7,2014-07-08 01:05:51 -0700,2.9095139,4.4746528,3,1,4,1,1,8,1,4,2,1,NAO,0,0
ea0a05eb34b3a265b2a80c38b650567fbbcb0b9c,2014-07-06 14:40:15 -0400,1.2051505,2.9152083,1,1,2,0,0,5,1,2,1,0,NAO,0,0
08ff506852abf3af405157c1418dc71456ba37ab,2014-07-06 15:28:38 +0300,22.0468171,24.2274653,5,1,6,1,1,25,2,114,2,1,SIM,1,25
59da1ffbabcd8db2a4d29f0f04ef74cfb54178d3,2014-07-01 19:25:53 -0400,12.7111921,14.6960532,2,1,3,0,0,17,1,101,1,0,NAO,0,0
b36a84c3c44292c61896d8809f4451cffa32f9de,2014-07-01 19:06:18 -0400,22.8469560,26.4285880,5,1,6,0,0,26,2,112,1,1,NAO,0,0
bc84a173db84f43a7b9b7e0d2da8df4dcb42dc36,2014-06-18 23:02:11 -0700,2.2439468,3.4214815,1,1,2,0,0,1,8,2,80,1,NAO,0,0
31e9f8a3f14efbaf947412bd002dfdc7d8999853,2014-06-11 22:25:22 -0700,8.5613194,16.6831713,3,1,4,0,0,4,4,6,2,1,NAO,0,0
4677545a5d698165d6cae5549248fe7529894240,2014-06-11 22:10:50 -0700,3.2483449,6.6817361,1,1,2,0,0,1,1,1,2,0,NAO,0,0
f95c19c1f46adfb1b15c5acdfd7f4be255d9348e,2014-06-12 00:46:05 -0400,15.2000000,21.8696875,5,1,6,1,1,9,1,11,1,0,NAO,0,0
92c7ea0e3e1e3517a6e94b9dd534a2fc8018d0ae,2014-05-26 09:01:36 -0400,19.2126505,19.2775579,12,1,13,1,1,22,2,22,2,1,NAO,0,0
81057bf1325dfea18751dbed66c9738052154df5,2014-05-26 09:00:47 -0400,18.4535880,19.2769907,12,1,13,1,1,21,1,21,1,0,NAO,0,0
609b863e6cf86ec69ac44c2ae43436607c9de1f2,2014-05-24 01:13:13 -0700,1.4504745,3.0135301,1,1,2,0,0,2,1,2,2,0,NAO,0,0
97afb31a218d52a816630e3779c4b35df8a87071,2014-05-22 21:49:49 +0300,6.5437269,8.5842477,7,1,8,0,0,14,2,13,2,1,NAO,0,0
2bf7c3099b778e99857df038c0060e8517b7382d,2014-05-21 00:53:44 -0700,122.8358912,123.5513542,31,1,32,0,0,114,2,149,2,1,NAO,0,0
72abacac38121d08cd77dd6694afe0e9dd4accb0,2014-05-21 00:53:16 -0700,0.0186921,5.0307176,4,1,5,0,0,9,2,8,2,0,NAO,0,0
dc87aae33e253c121de340538e1cde9ebd43c790,2014-05-21 00:50:37 -0700,115.6019676,116.9692477,28,1,29,0,0,103,6,147,2,1,NAO,0,0
fbd97eaabe56e596507e2020d1f9cbed73f55bf6,2014-05-21 00:49:08 -0700,56.9933449,57.0074306,16,1,17,0,0,66,1,135,2,1,NAO,0,0
211078dbc43ab39dda4313ee00d7dbaba9789896,2014-05-21 00:44:05 -0700,23.7571528,25.6214120,4,1,5,0,0,18,1,11,2,0,NAO,0,0
219579a6896b835dd6a02a6e663779d4c372a9ea,2014-05-21 00:39:38 -0700,16.0599306,23.1796759,3,1,4,0,0,15,1,7,2,0,NAO,0,0
43f6e95695fd4384e7238ddac06e6e64d51a8fa3,2014-05-13 21:48:30 -0700,5.9880208,6.9351273,1,1,2,0,0,2,1,2,2,0,NAO,0,0
1d0c1988cf1ef8f43b06f259520bd41076820c6e,2014-05-07 02:21:55 -0400,5.5468981,9.1257060,1,1,2,1,2,5,6,2,2,1,NAO,0,0
83c63f8c40c8ff7df231e46cd28f05b6b60695b5,2014-04-27 20:20:54 -0700,29.3087153,33.8105787,12,1,13,0,0,46,2,127,2,1,NAO,0,0
cec7d6b47f2c44d528afd696f3c514d5b87791df,2014-04-25 09:49:15 -0700,11.8758333,13.0079514,2,1,3,0,0,3,4,6,4,0,NAO,0,0
f559c6d8f8576ecdee730a306282653ce6f0cd9a,2014-04-10 10:10:34 -0700,2.4195023,3.0123032,2,1,3,0,0,6,2,4,2,0,NAO,0,0
08f23184c513fa6ab2330330b49a8433f5f747aa,2014-04-10 09:54:36 -0700,17.2836574,18.8103241,9,1,10,0,0,32,3,112,2,1,NAO,0,0
93ec26986d18509cbd650bd537256a67a465f8fd,2014-04-07 12:52:51 -0400,4.1509838,4.2863079,4,2,6,0,0,9,2,10,2,0,NAO,0,0
0b2dfcbe949f6ed4a7a17168dadcc560ffc54066,2014-04-07 12:22:18 -0400,3.1724884,4.2650926,3,1,4,0,0,5,4,5,6,1,NAO,0,0
8d8bd2b5ef8613e297eba05576cd374b46a13c0b,2014-04-06 16:10:46 -0400,6.0173380,10.1234144,3,1,4,0,0,17,1,105,2,1,NAO,0,0
91f6c2e0623a01f17cc1e412be0e5ba06816f14f,2014-04-04 13:44:17 -0400,70.3846991,72.3457870,16,1,17,1,1,57,1,128,1,1,NAO,0,0
1ca72d1d11a9b4b895df91e71f2d334c272b0584,2014-04-04 13:43:54 -0400,0.4427431,1.3217593,2,1,3,1,1,2,1,3,1,1,NAO,0,0
546fc0914ecc5a101d1808fab7adc4f11b43a9e8,2014-04-04 13:42:37 -0400,0.0236921,1.3208681,1,1,2,0,0,1,1,2,1,0,NAO,0,0
e329d4015a9699d407000483e8e95da2f631034c,2014-04-04 07:44:59 +0000,4.6953125,7.6055093,2,1,3,0,0,13,1,104,2,1,NAO,0,0
e7e1b60e1228e38fde8e642eabb2c0eab7f6ff04,2014-04-02 10:49:11 -0400,3.6055903,5.9000926,2,1,3,1,1,4,6,100,3,1,NAO,0,0
b2020bf7646ea9114241e488a78c5aed2575f3e0,2014-04-02 00:51:22 -0700,21.0198958,27.7066898,6,1,7,0,0,24,2,116,2,1,NAO,0,0
ba96963bc06376e28bb7ccb7eea17029c8edb8d8,2014-04-02 03:39:27 -0400,0.0211921,5.6016667,1,1,2,1,2,1,1,2,100,1,NAO,0,0
23d8445f2aef29da90c03dc06829006a616ee7cb,2014-03-27 20:12:45 +0300,0.2813310,2.3882523,1,1,2,0,0,1,1,2,2,2,SIM,1,2
ddbf9076f1911f7d7070561a894b02a4932e9b68,2014-03-24 18:59:04 +0900,1.5214352,2.9003935,1,0,1,0,0,1,0,2,0,0,NAO,0,0
d5f4651768cc3834d3f5637759194b5a9af77716,2014-03-21 21:22:30 +0900,0.0009606,0.0018866,1,1,2,1,2,1,1,2,2,2,NAO,0,0
2d02bfdea9d98a8321b93866aca6f7f39423b2c6,2014-03-21 21:22:03 +0900,0.0019676,0.0057870,1,1,2,1,2,1,1,3,2,1,NAO,0,0
3444ddcdee4ee9639d89fc33b5ac6424644bbe13,2014-03-21 21:20:40 +0900,0.0019676,0.0048264,1,1,2,1,2,1,1,3,2,1,NAO,0,0
94a57cfc1b3dee114cb5f709dba3ea3a31832008,2014-03-12 12:43:50 -0400,53.2032060,53.9194792,13,1,14,0,0,29,3,35,2,0,NAO,0,0
2b85efbe5740c4cc77d967e75722af81308ff1e7,2014-03-12 12:42:12 -0400,0.3234491,0.3335069,1,1,2,1,2,1,1,3,2,0,NAO,0,0
bb9afc6fbbd0194ee86cfbb90b0497a51f52b19a,2014-03-12 00:10:48 -0700,26.8593403,35.5103935,6,1,7,0,0,8,1,8,2,1,NAO,0,0
5833b37c0d684f6f0840360df317e4fdc6a08965,2014-03-05 09:16:02 -0500,23.0670718,26.7958681,2,1,3,0,0,2,2,2,4,0,NAO,0,0
aa0cbf9470c0858c1f260f9e8bc061b76231fc53,2014-02-06 14:09:59 -0500,0.0193634,0.0356481,1,1,2,1,2,1,1,1,1,2,NAO,0,0
ad3f6dc7c96424c3c4fbf9ea4b1c6703f05892e9,2014-02-04 10:55:50 -0800,0.4397917,0.4638426,2,1,3,0,0,2,2,3,2,0,NAO,0,0
5a9e469f02a43eda3bef4f6193ad361044cd31db,2014-02-04 10:22:25 -0800,0.0024190,0.4406366,1,1,2,0,0,1,1,1,2,0,NAO,0,0
386e6975c5c2bccf58465fd1c14ac7a64f6924e2,2014-02-04 01:04:41 -0800,0.0485417,0.6634722,1,1,2,0,0,2,1,2,1,0,NAO,0,0
6788b2bc353f31d804de42ea7b7f942eb564cf68,2014-02-03 23:47:54 -0800,81.1380903,82.4570139,31,1,32,0,0,129,2,61,2,0,NAO,0,0
4c4b9bd8437bf421f1021d11fbe9307097c1fdec,2014-02-03 09:09:17 -0800,0.4630556,1.7132523,1,1,2,1,2,1,1,2,2,0,NAO,0,0
5aa3e4b8c446d26e71e0eb38a3b0ec9cbc1efc34,2014-02-01 16:02:12 -0800,3.0791435,8.6439583,1,1,2,0,0,1,1,2,1,0,NAO,0,0
a80ee78a14ccb922d6122e8e4d38cbfd759c2cd5,2014-01-17 10:39:47 -0800,0.0657986,2.9359954,1,1,2,0,0,1,1,1,2,0,NAO,0,0
d5f2524418999a3bbaada4fa1ed07a97fa68fad6,2014-01-14 12:11:57 -0800,0.4357755,1.8227315,1,1,2,1,2,5,1,3,2,1,NAO,0,0
205672fe30d96c45de367dc09697ca1c5899562d,2014-01-09 08:43:11 -0800,2.6804745,4.8975694,1,1,2,0,0,8,1,3,2,1,NAO,0,0
f5e8accdc4d9040d76b5c86399a1ffcaf304bb19,2014-01-09 08:39:34 -0800,5.0850000,8.7940972,2,1,3,1,1,8,5,3,2,0,NAO,0,0
a958ef6ed26b0706d5c165fdacf836a102de5463,2014-01-09 08:30:22 -0800,1.8483565,8.7877083,1,1,2,0,0,5,3,2,1,0,NAO,0,0
664186893b56eb051819f3eea0ff8860dd16202d,2013-12-31 13:36:04 -0800,6.0843287,7.2170833,3,1,4,0,0,30,1,15,2,0,NAO,0,0
6d5b000a81abeae1240b8b6ae8c204d77895672c,2013-12-23 21:07:08 +0000,57.7371644,57.7789815,3,28,31,3,1,6,72,3,42,1,NAO,0,0
3592974fc0eee98ebfde3c3d52dd5943cc5f63bd,2013-12-20 19:21:58 -0800,1.7934144,3.3855324,1,1,2,0,0,1,6,1,2,0,NAO,0,0
fbc26d66e1b8f3262d68794177ed1fdb6f0d32eb,2013-12-17 10:06:48 -0800,2.0351852,5.0070718,2,2,4,2,2,3,2,2,3,1,NAO,0,0
f5d982d012d81580a47118dc481cdc274dcb7db7,2013-12-12 09:56:37 -0800,0.0575694,0.8771181,1,1,2,0,0,1,1,1,1,0,NAO,0,0
a6c7bcdbf59c1a2dee0f5cb0f9aa846bc11865a4,2013-12-12 09:56:05 -0800,0.0186574,0.9839005,1,1,2,0,0,1,1,2,1,0,NAO,0,0
1b3becf269f9bca315aea4df65b782917bd4da96,2013-12-11 12:53:34 -0800,0.0073727,0.1084606,1,1,2,1,2,2,1,2,2,1,NAO,0,0
b9c034a61e4a6603c52ba150d51cc45ea5b6216d,2013-12-11 10:19:16 -0800,13.1822222,14.8709028,10,1,11,1,1,18,2,15,2,1,NAO,0,0
6961dee0ab40c1e9992c94fb8f936561a1821036,2013-12-11 10:17:23 -0800,12.8119213,14.8695949,10,1,11,1,1,16,2,14,2,1,NAO,0,0
f43d6c35b7f8579dfaba81b849b70b1ff355478f,2013-12-10 22:37:49 -0800,30.0046181,34.5116204,0,17,17,0,0,0,34,0,23,0,NAO,0,0
9e18bb117cb579a08b4d02bc741997fe9c0adf76,2013-12-05 08:08:03 -0800,7.2842361,8.0616204,0,1,1,0,0,0,1,0,1,0,NAO,0,0
d2774967f7ceaffde9a830381d70901435725058,2013-12-04 00:30:54 -0800,0.2146991,2.0345023,1,1,2,0,0,2,1,2,1,1,NAO,0,0
00855b55fc0b1f72a96b6ea9d5c7581acb170593,2013-12-03 10:31:14 -0800,14.2178472,19.9037731,12,1,13,1,1,23,2,16,2,1,NAO,0,0
748038fa71d93a4abf10e243182a24c4c0a41bca,2013-11-26 13:25:10 -0800,1.8094213,3.0433565,2,1,3,1,1,5,1,4,1,1,NAO,0,0
19a1ceb9ddf0eddd6b65df560d3c0e9ed3fe46ff,2013-11-26 13:23:37 -0800,1.0881481,3.0422801,1,1,2,0,0,3,2,3,2,1,NAO,0,0
8a1053d2201f4ea3cc30c22d4923544a150567fc,2013-11-23 12:22:44 -0800,1.6398380,3.1907755,4,1,5,0,0,6,3,5,2,0,NAO,0,0
806931e5460a724bd590f18f46f278390e9fce79,2013-11-22 10:23:08 -0800,13.0082986,16.0014236,6,1,7,1,1,7,1,6,1,1,NAO,0,0
8be549cf91fa346932c411d58a3f9d7915cbc508,2013-11-20 07:48:01 -0800,1.3276505,6.7904282,2,1,3,0,0,2,1,2,2,0,NAO,0,0
431e227458ac5a58ad77e90c04621db5a346d268,2013-11-02 14:14:06 -0700,0.8287384,2.0735764,1,1,2,0,0,5,1,2,2,0,NAO,0,0
ca3c88987ee977df1299ea2fd9b492d3b5aa053d,2013-10-31 10:06:46 -0700,1.7105903,4.5704167,1,1,2,0,0,2,1,2,1,0,NAO,0,0
db61fc5bdd2a5204efd1585db3df2015a1b5e72c,2013-10-30 16:27:43 +0100,7.1911111,11.7009606,1,7,8,0,0,1,18,1,23,0,NAO,0,0
7d8ef1cd867d8a7f34db337f7b72f4944419e64c,2013-10-26 20:25:22 -0700,12.3907870,12.5300810,8,1,9,0,0,21,1,23,1,0,NAO,0,0
9da828defd5398c9011b68cbaace17fbe940b08a,2013-10-25 13:25:54 -0700,9.3826620,10.6674769,7,1,8,0,0,14,2,16,2,0,NAO,0,0
b834f94451ea2c42cd7bfbca7d085e4d04192b1a,2013-10-26 00:04:23 +0400,9.3804282,10.6525347,1,1,2,1,2,1,1,2,1,1,SIM,1,2
9b6967760dd5435c480e165445ac5b2e72bb8279,2013-10-24 07:51:28 -0700,0.2369444,0.8078935,1,1,2,1,2,1,1,2,1,0,NAO,0,0
f9477102c6e828e4865446385d3505542f23e274,2013-10-18 15:38:20 -0700,5.3702315,9.8197454,4,2,6,0,0,15,3,65,7,1,NAO,0,0
d7c134a6e290b7393c05836a28438f656f802362,2013-10-14 13:39:54 -0400,0.4172222,0.4396065,1,2,3,0,0,1,2,2,2,1,NAO,0,0
479b650557d8a5ce2ac64ccfec0df5bd2f5e098b,2013-10-13 01:48:39 -0700,28.6168519,28.9148148,21,1,22,0,0,145,7,148,2,1,SIM,1,1
f3b43638b0a0e432c875d23208ed2dae4b5556dc,2013-10-13 01:39:11 -0700,4.8148032,5.3881829,2,1,3,0,0,4,2,69,2,1,NAO,0,0
bbf9412f549321fc72bb3c37bde7138a096f89f8,2013-10-13 01:37:55 -0700,1.8116319,6.0066551,3,1,4,1,1,4,1,9,60,0,NAO,0,0
95c86eaaa580df3557ad7eb27f48f6cb5658afb5,2013-10-08 19:33:27 -0700,0.2756134,1.7535532,1,1,2,0,0,1,1,1,2,1,NAO,0,0
11d7dc11e64001e6a7ab668ab347d34fec0923a7,2013-10-05 16:10:17 -0700,1.5132986,2.1762037,1,1,2,1,2,2,10,4,4,1,NAO,0,0
1bcf987c8bcf546a0442c39248b4365851593ff0,2013-10-04 03:32:58 -0400,5.9152662,6.7082986,1,7,8,1,1,1,55,4,130,1,SIM,1,2
6304ccb6e4377d911c5099a5293a8def4e4ea4e7,2013-10-03 11:32:22 -0700,1.4624074,2.8049884,4,1,5,1,1,44,1,12,2,1,NAO,0,0
2ccdbc0a605bb2ef807a3df2b9252accea238281,2013-10-03 11:28:31 -0700,1.0190046,1.3779861,1,2,3,0,0,20,3,9,1,1,NAO,0,0
51fef0e303608dd758e5c0262d5ead3a471f9e5c,2013-10-03 11:20:26 -0700,0.8549074,1.3723727,1,1,2,1,2,16,4,9,2,1,SIM,1,1
87b02b1c59b7f1232998ad3b7414e487e5a2a820,2013-10-02 18:33:35 -0400,5.0611227,5.3337269,1,5,6,1,1,15,29,9,122,1,SIM,2,2
d9840730e70dc147d275eb43c76003e1b04e77fc,2013-10-02 17:31:22 -0400,4.5221296,5.2905208,1,5,6,1,1,4,29,2,122,1,SIM,1,1
48c742c19c962f01f27c7aa74223a491413204cd,2013-10-02 00:22:39 -0700,72.9490972,73.4193403,33,2,35,1,1,154,19,212,2,1,SIM,1,2
be5de6530548ae52090aa6b5e45cdf370470be06,2013-09-30 16:06:08 -0700,1.0764352,3.3563310,2,1,3,0,0,4,3,119,2,0,NAO,0,0
bf54a47509622ab1b0f7cc491a5082bf59510270,2013-09-27 16:58:34 -0400,1.6909954,2.5840046,1,3,4,1,1,10,9,6,14,1,SIM,3,4
c40912d1cafda3961c97885aaa1b5191b04ea529,2013-09-27 07:33:01 -0700,0.3782292,1.2550347,2,1,3,1,1,4,1,10,1,0,NAO,0,0
bac5bb8b584c5b1e082ef221c0478ca4b245901d,2013-09-26 04:52:01 -0700,14.9680440,16.5850347,14,1,15,0,0,78,3,42,2,0,NAO,0,0
8f192bbc1d38e814a56c4f7b126928ad207a97ba,2013-09-26 00:14:35 -0400,8.1173380,9.0364005,1,7,8,1,1,4,25,3,8,1,SIM,2,2
0a607adb8471dca8f2c660db7e871de3e3b55884,2013-09-24 11:51:31 -0700,3.8424074,6.4783102,1,1,2,0,0,2,2,2,2,0,NAO,0,0
d35b902c28f639cce59257d788fcf64b789a0973,2013-09-18 00:22:45 -0700,0.0710880,0.9800694,1,1,2,1,2,1,3,1,1,2,NAO,0,0
3f1c1c69a6eb64ea2fd2d83f7093e2a4325e4a40,2013-09-17 00:24:11 -0700,0.2245370,0.5069907,3,1,4,1,1,11,5,7,2,1,NAO,0,0
4e9655ba55b20076ca65cac6f923c69334e37e43,2013-09-16 23:22:32 -0700,4.7789583,4.9059606,11,1,12,0,0,43,3,26,2,1,NAO,0,0
09a177f3815f453d8357bdb94568c7ae37cfd45c,2013-09-17 00:08:38 -0400,0.9948611,1.0513079,1,4,5,1,1,3,14,3,8,1,SIM,1,1
217b8b771cd9607164ebf16826514adc48ff4656,2013-09-16 20:22:10 -0700,0.0249769,0.3389236,1,1,2,0,0,1,1,3,2,0,NAO,0,0
9d20aa7934e849a0581b281f3bed2d3415acda28,2013-09-16 19:37:26 -0700,0.3583218,0.6792708,2,1,3,0,0,6,1,2,3,0,NAO,0,0
00b95806c7167ba8e8c6c2e62e1f45f53e3564c3,2013-09-16 21:58:58 -0400,2.1972338,2.2756713,1,10,11,1,1,4,32,2,16,1,SIM,1,2
b3e05bfc4a09aff59cc0ff86da126e9eb5504af2,2013-09-16 12:14:07 -0700,0.1311343,0.3562269,1,1,2,1,2,3,1,1,1,2,NAO,0,0
d450ceacf5afd22499be220e463005e339736c92,2013-09-16 12:11:24 -0700,0.1303241,0.3543403,1,1,2,1,2,2,1,1,1,2,NAO,0,0
77d57737cd9992a52382a86bfd81cfec502a4b85,2013-09-16 03:41:09 -0700,1.0137616,1.2531597,4,1,5,0,0,7,2,6,2,1,NAO,0,0
05295e00ba5eaa9fafafd3d87998dfd46b9b7b3b,2013-09-16 03:19:17 -0700,1.5456134,1.6231134,9,1,10,1,1,25,1,16,1,1,NAO,0,0
7054bae57c50c52fbb2b8cdab0ff33b2d59c74c8,2013-09-16 03:14:05 -0700,3.5239931,3.9481019,10,1,11,1,1,31,2,20,2,0,NAO,0,0
f0747749a27fc140b1ca24971d41675bcbeb3dd5,2013-09-16 03:11:54 -0700,1.4475579,1.5404051,6,1,7,1,1,17,2,9,1,1,NAO,0,0
6f547158fc92df9a047775553fac1f0baed703fb,2013-09-16 02:45:42 -0700,1.2405208,1.5997917,7,1,8,0,0,20,1,13,2,1,NAO,0,0
043c18153f52639ff79e48c122bf0d1b16d2531f,2013-09-14 21:36:36 -0700,5.8461458,5.8751620,8,2,10,0,0,28,7,29,2,1,NAO,0,0
407e797330b46d354eeffb6da64a67aaebdf5a13,2013-09-14 20:56:41 -0700,0.0418287,0.2798380,2,1,3,1,1,3,5,4,2,1,NAO,0,0
e69c63ec1b7c9afae7440030258deb4efb0b446b,2013-09-14 16:35:00 -0700,0.0026273,0.0981134,1,1,2,0,0,1,2,2,2,0,NAO,0,0
4a2dd10e71126b5015c972c2bf1d632fd4e4024b,2013-09-14 16:08:23 -0700,5.3564236,5.6459375,6,1,7,0,0,19,1,26,2,1,NAO,0,0
c4c36d282a7938ee01862df04c1e61f319161ca3,2013-09-14 14:13:43 -0700,22.8632523,23.0939468,13,1,14,0,0,42,1,140,2,1,NAO,0,0
9284a68edecbc3f94c630ff0a3781f0674d53c36,2013-09-14 14:08:24 -0700,5.1646644,5.5626157,4,1,5,0,0,15,3,21,3,0,NAO,0,0
8dbd8024572058fb3b0d10b8b8a952a46785b998,2013-09-14 12:22:00 -0700,0.6871065,1.0308218,2,1,3,0,0,5,1,4,4,0,NAO,0,0
ea2ab37e19f469af3de990cce979f16fc37c318a,2013-09-14 10:51:53 -0700,3.3368287,4.8349421,1,3,4,0,0,7,13,2,20,0,NAO,0,0
c15afaa904c4d0230b5c053924b288a680fd25e6,2013-09-14 01:32:11 -0700,0.2714815,0.5795602,1,1,2,0,0,1,3,1,3,0,NAO,0,0
85a283f36b4c2fef878a7751b1553e63db8635da,2013-09-13 21:41:15 +0300,0.0016088,0.0226157,0,0,0,0,2,0,0,0,0,2,NAO,0,0
e849c059701981b5c47555b94622f5d35b07387b,2013-09-09 22:24:53 +0700,11.6262616,13.8586343,1,11,12,0,0,2,23,3,129,0,NAO,0,0
63adde99e4b6e8d29ffc4bf82f034dd129adbdb4,2013-09-09 00:38:14 -0700,0.3025000,0.3582755,1,1,2,0,0,2,1,2,6,1,NAO,0,0
4995e04fad9a5a0902f84854c099e1ee35a75f13,2013-09-08 16:02:19 -0700,0.2036343,0.2105324,2,3,5,0,0,4,5,115,6,1,SIM,2,3
6ab0137dc9baa0ebff82b8a1a8ed4bb733db3aad,2013-09-08 15:53:58 -0700,5.0240394,5.0974074,4,1,5,0,0,6,1,5,2,0,NAO,0,0
1aebc6ff83bd0f7cd8234dc5b6c88adbb95438d6,2013-09-08 15:53:13 -0700,16.7484954,17.1630440,8,1,9,1,1,14,2,11,2,1,NAO,0,0
6c3ca9844493048a1f45e6593826c51b83736287,2013-09-08 11:23:09 -0700,48.7232407,49.8780208,17,1,18,0,0,51,2,47,2,0,NAO,0,0
c4c9175491d1f6005ce78b5f9bcd4f985ef18a68,2013-09-08 11:17:37 -0700,19.8339120,19.8763079,8,1,9,0,0,15,3,11,115,1,SIM,1,1
9a54ac57de425f0a2b7a89b91a4c657304ea1a82,2013-09-08 10:59:09 -0700,10.7314468,12.9657639,6,1,7,0,0,10,1,9,1,1,NAO,0,0
3ea46db83d5eca44ea319ca07f840ef60017d4a0,2013-09-03 13:33:42 -0700,11.7609954,12.0661574,5,1,6,1,1,7,3,7,2,1,NAO,0,0
0cb0eb231e896e40ab37b001ba23c8ecead3bd79,2013-09-03 11:41:09 -0700,6.0197801,11.9879977,4,1,5,0,0,6,1,5,2,0,NAO,0,0
172ffe487e56ca8efd41e211526197b5c114e851,2013-08-29 02:03:18 -0700,7.1978588,9.4913657,4,1,5,0,0,5,3,5,3,1,NAO,0,0
a0d58f2ff217fb6faa9a874b517819b4ab8fd372,2013-08-29 01:43:04 -0700,0.9614005,6.5726620,1,1,2,0,0,1,1,1,2,0,NAO,0,0
9c14c8c24c8f368d1abb76530aef72f480aa0452,2013-08-26 11:48:27 -0700,3.1085069,6.9999537,2,1,3,0,0,3,1,3,1,0,NAO,0,0
690dd3c45b879d6522435d2bc13076c9c0021aa2,2013-08-22 11:58:26 -0700,6.6188426,10.0461343,6,1,7,0,0,18,2,13,2,0,NAO,0,0
3057b07f831c7631677294610031cbaf079ecb5b,2013-08-19 11:48:31 -0700,6.0078819,7.0392477,4,1,5,0,0,14,3,11,2,0,NAO,0,0
48bf0ebfc1b8b2638bf48bfdf2d1035aff713578,2013-08-19 11:48:11 -0700,5.9894676,7.0390162,4,1,5,1,1,13,1,10,2,1,NAO,0,0
eea67b03b114033d7226fb11a5c6982a91d1fcdf,2013-08-19 11:21:40 -0700,5.9879167,7.0206019,4,1,5,1,1,12,1,9,2,1,NAO,0,0
5919648589b01889ba03048eb6195511939e14c7,2013-08-19 11:19:26 -0700,5.9634491,7.0190509,4,1,5,1,1,11,1,8,1,0,NAO,0,0
5cf86d0879e874a0d8c5b0d93adc007ad0a613e6,2013-08-19 10:44:12 -0700,5.9564583,6.9945833,4,1,5,1,1,10,1,7,1,0,NAO,0,0
7ade04b8e8ebbd67037c51aef5deb9c306a86ce0,2013-08-19 10:34:08 -0700,5.9060417,6.9875926,3,1,4,0,0,9,1,6,1,0,NAO,0,0
76ddc19338c295635d5f74667f046c12f6c908de,2013-08-19 09:21:32 -0700,5.9048843,6.9371759,2,1,3,0,0,5,4,4,2,0,NAO,0,0
463b7c032bddf6a490130a8965c67088b8fc2371,2013-08-19 09:19:52 -0700,5.9022685,6.9360185,1,1,2,0,0,4,1,2,2,0,NAO,0,0
6664ad71d0de00fd92cf83615021c32c81793227,2013-08-08 12:04:34 -0700,3.4973380,6.4983333,4,1,5,1,1,8,1,11,1,1,NAO,0,0
2f107036cdd9055a7b46496635866ae87435d5f7,2013-08-08 11:42:28 -0700,0.0644329,1.5065972,1,1,2,0,0,2,2,2,2,0,NAO,0,0
03efa302b0d4b7811f255343593f6cfd5f2219a6,2013-08-06 23:49:50 -0700,7.7422569,8.0729514,3,1,4,0,0,5,2,8,2,0,NAO,0,0
01d2135e1451f71485719bc45f3757ef5be4ee27,2013-08-06 23:32:58 -0700,0.9576620,1.9907407,1,1,2,0,0,2,1,7,1,1,NAO,0,0
569e17f48e629f4fdf87d4729b819ce9a90ea8ad,2013-08-04 23:46:18 -0700,3.6163542,8.9693866,2,1,3,1,1,3,1,13,1,0,NAO,0,0
b687b0f47163a8c71b83cc9347024f075a628a36,2013-07-29 22:04:47 -0700,5.3887384,6.5363773,2,1,3,0,0,6,1,16,1,0,NAO,0,0
3e2d8f7946e04e3b428c3f47a173a5dfd1aac860,2013-07-29 09:19:25 -0700,3.0213542,6.0048727,2,1,3,1,1,5,1,5,11,0,NAO,0,0
7883f25e1de3556fd7f9ee3ac00b523dcde728ab,2013-07-27 00:30:23 -0700,6.5915741,6.6237384,3,1,4,1,1,6,1,8,2,1,NAO,0,0
ec4a1bdd1222230fb87b8eea2e0ede3fa151ddc8,2013-07-27 00:06:44 -0700,2.9985417,3.6210648,1,1,2,0,0,2,2,2,2,0,NAO,0,0
1d7d55354597d8cebad612e4f61a79b506231330,2013-07-26 23:57:32 -0700,9.4662500,13.3621759,3,1,4,1,1,10,2,76,2,1,NAO,0,0
5b83c5ca6370fed0bae980e192f80a24975b11ef,2013-07-23 09:12:24 -0700,6.6790278,9.7475000,3,1,4,1,1,9,1,76,4,1,NAO,0,0
ae34b8100eb925832c7c0bc729ba0485de77bde6,2013-07-20 14:18:48 -0700,1.1139005,2.1993403,1,1,2,0,0,1,1,2,2,1,NAO,0,0
1288edbae963daf5f5487242e925c8054856313c,2013-07-18 09:31:45 -0700,3.4107870,3.7572917,1,1,2,0,0,2,1,2,2,1,NAO,0,0
cc58cf6fba781b1ef30f4f21b34baddde4e08b64,2013-07-07 12:12:39 -0700,0.0420486,5.0574884,1,1,2,0,0,1,1,1,2,0,NAO,0,0
d4c70eb1400b3f87e0aa75895100baa23f92bb76,2013-07-07 11:11:48 -0700,10.5506713,14.3516898,5,1,6,1,1,7,1,19,2,0,NAO,0,0
ecd0a503941538ac5a834ae18f300b839bacae5f,2013-07-02 10:49:52 -0700,0.2641088,4.9465278,1,1,2,1,2,1,1,1,12,0,NAO,0,0
1ccf6b9e98161c4e1a603ac28712c9d0aeb77e46,2013-06-27 12:06:52 -0700,4.6354514,7.0786227,3,1,4,0,0,8,1,10,2,1,NAO,0,0
68ce25eb2d332ca7065e6e75628f6ac5cc9367d6,2013-06-24 08:54:05 -0700,1.2297222,1.5087731,1,1,2,0,0,1,1,2,2,0,NAO,0,0
fdc988184f761a610f49747c7cdae513cf4df328,2013-06-24 08:16:10 -0700,22.3559259,26.6157870,11,1,12,0,0,35,1,73,2,1,NAO,0,0
c3a68bb93c990deacf9ce80a2f50a38a5fde7ae0,2013-06-23 12:45:22 +0300,0.2294213,2.6595833,0,8,8,0,0,0,17,0,66,0,NAO,0,0
fbba084bafbf2efd07e4465062c0853f7953630f,2013-06-22 20:41:27 -0700,17.0021065,19.4248727,8,1,9,0,0,17,4,66,4,0,NAO,0,0
fb05577991e8a95f5011258c221abc99648f92ea,2013-06-20 10:13:39 -0700,5.2307870,9.8027315,4,1,5,0,0,6,1,61,1,1,NAO,0,0
fa26e8017f312179d23e244570bde67c5accd7ac,2013-06-18 16:36:40 -0700,4.2207755,8.0687153,3,1,4,0,0,5,1,6,55,0,NAO,0,0
79b9f5d08b9e8f384ed56df2e82f0c7c510f66e4,2013-06-18 16:35:33 -0700,0.1812153,1.1163426,1,1,2,0,0,1,3,2,2,0,NAO,0,0
0ef623c39ea8499e48e0c155d3edb5f800a2666f,2013-06-18 15:41:19 -0700,3.1044329,8.0302778,1,1,2,0,0,1,1,3,2,1,NAO,0,0
75a6ee112f6a1864018cb9ef7242bd524bb4a232,2013-06-10 09:50:19 -0700,15.4682176,18.4805556,7,1,8,1,1,22,2,12,2,1,NAO,0,0
d94e3747fc77b212e5f534443c5f9456bd2495e2,2013-06-05 02:20:10 -0700,2.8870370,7.3685648,5,1,6,0,0,17,2,8,2,1,NAO,0,0
d126d0d8e589bf89937c6079e4867a53066fa040,2013-06-03 10:28:02 -0700,10.9231713,11.5067477,4,1,5,0,0,12,3,8,2,1,NAO,0,0
bfc89ad4c03752c530f8480ce4a363999ca9f4b2,2013-06-03 10:26:46 -0700,10.9194792,11.5058681,4,1,5,1,1,10,2,7,2,1,NAO,0,0
cab7d36e3f193b794e96e6048386c94f4dbd979e,2013-06-03 10:18:58 -0700,37.5409954,38.3932523,11,2,13,1,1,56,5,58,2,0,NAO,0,0
74d5ca2bd78b5e0a9cd4cb2a37ab4d7ee118631d,2013-06-03 09:43:46 -0700,7.5373843,11.4760069,1,1,2,0,0,2,3,3,2,0,NAO,0,0
31fb450d23fc4b35a5c7159d0aed8af431ecf11d,2013-05-28 17:29:26 -0700,1.6217361,8.2720139,2,1,3,1,1,3,2,4,3,1,NAO,0,0
33e225c619ba16abbf9fa98806324f0d9f3491f8,2013-05-23 09:08:14 -0700,6.2661227,11.8390394,1,5,6,1,1,1,21,2,11,1,NAO,0,0
90ec201d2d8c420f650c8bf871744421a911174a,2013-05-22 22:18:19 -0700,1.1114468,2.4726273,1,1,2,0,0,1,2,2,2,0,NAO,0,0
d48d9c3aeb37107a0192d5d4e791a0db1c9d7e1c,2013-05-22 21:03:29 -0700,1.1082407,2.4206597,1,1,2,1,2,1,1,1,1,0,NAO,0,0
96b90aa5b4c62c9f1011b407aa3dd91840d642a1,2013-05-22 17:20:25 -0700,8.8673843,11.1808333,5,1,6,1,1,21,1,11,2,1,NAO,0,0
368f93c87fd97c80b5a5bbf9af384db065d5c870,2013-05-20 10:56:26 -0700,6.2111806,8.9141782,4,1,5,0,0,19,1,9,1,0,NAO,0,0
4c8a9e6afa6c0f1319491aec4b22446c40a8584f,2013-05-20 09:13:59 -0700,34.7338194,41.9916319,1,10,11,1,1,1,53,1,95,0,NAO,0,0
b71338d0de038654944ac4ef78bcb9be36fcee71,2013-05-20 08:12:02 -0700,2.6479051,8.8000116,2,1,3,0,0,13,2,4,2,0,NAO,0,0
41d63f66c48f6955322cefb038c51fde8e30447f,2013-05-17 00:54:55 -0700,1.6738310,5.4964583,1,1,2,0,0,12,1,3,1,0,NAO,0,0
84975d3157157ee9e2f8e9d02256bfd221f0ae60,2013-05-16 21:56:47 -0700,30.3918634,38.5213542,7,1,8,0,0,38,12,91,3,1,NAO,0,0
7ebea6f4539c19b5ac4d7161e435100f5548fbab,2013-05-11 09:49:28 -0700,90.2516551,91.8735301,1,23,24,1,1,12,107,6,136,1,SIM,1,1
7d89c118381d0c51496da3aea853291b606f3224,2013-05-10 00:45:22 -0700,4.0980671,10.5304398,1,1,2,0,0,1,1,2,29,0,NAO,0,0
2e496f57fe72d0ca0ec03342ceb8db6e09e7af45,2013-04-29 12:01:32 -0700,1.2165972,2.5108565,1,1,2,0,0,1,1,2,3,0,NAO,0,0
360b7f0210c1c6b5576ad7b992f077f4e884eca8,2013-04-29 10:56:45 -0700,0.1374653,3.4194907,2,1,3,0,0,8,1,7,2,1,NAO,0,0
bc2933a1b2668356c75971ad28a13cc2130a91ec,2013-04-27 00:14:55 -0700,13.9905671,18.6172801,2,1,3,0,0,11,2,49,1,0,NAO,0,0
26d3dd58a60ea0496d9833744d30830dd6b1947b,2013-04-26 23:45:54 -0700,2.8965509,3.0101852,2,1,3,0,0,11,7,49,2,0,NAO,0,0
5b747a75cfbef92eef394d0be7c079a5109adb08,2013-04-08 09:26:02 -0700,1.2142477,2.3978356,1,1,2,0,0,1,6,1,3,0,NAO,0,0
c43a72c10c0ac964b6674f7dc6fc1e56f14a445d,2013-04-05 23:38:58 -0700,2.5389120,2.5966782,1,1,2,0,0,1,1,1,2,0,NAO,0,0
147f159266ae7fdabe799810e918a8e1fe67cbef,2013-04-03 09:19:45 -0700,2.4740856,2.9388079,2,1,3,0,0,4,1,3,2,1,NAO,0,0
a23dde6625886f29a428810fd91d2e7e11717f1b,2013-04-01 23:55:39 -0700,34.9225116,37.9598727,8,1,9,1,1,35,2,72,2,1,NAO,0,0
5774d893cb03f620c1d404df164e0b8f36286634,2013-03-31 10:14:57 -0700,7.7936921,13.7838310,5,1,6,1,1,26,1,62,3,1,NAO,0,0
898b66d23542af8e0c40e185a6457725b6b94e42,2013-03-30 01:09:22 -0700,31.8796759,35.0110648,6,1,7,0,0,31,1,67,2,0,NAO,0,0
13e89788bed7df556061359fbe5be201c0f6a91a,2013-03-29 22:51:31 -0700,6.6676505,12.3092245,3,1,4,0,0,21,4,57,3,0,NAO,0,0
85ed279b1fa35f1c7bf918b210f1a91e3eeae4e8,2013-03-25 10:26:46 -0700,17.7487616,30.3981481,2,3,5,1,1,20,6,56,11,1,SIM,4,4
98cd46aa46f38561ed76bf0a20d3fdc3e9511bf2,2013-03-25 10:20:03 -0700,2.5871875,32.9891898,4,2,6,0,0,5,20,9,56,0,NAO,0,0
3b0eefa90509bace7f433f9d7d074230fb982e0f,2013-03-07 15:21:50 -0800,15.2073843,15.2407870,10,1,11,1,1,25,2,18,7,1,SIM,3,3
609ebef6460ef7fc00167b3734420862beb138d8,2013-02-22 23:53:26 -0800,11.1154861,14.5012847,8,1,9,0,0,27,1,18,6,1,NAO,0,0
c38dc85a99e9955c8db3d302d2c4906806a357c3,2013-02-22 14:59:28 -0800,1.4400347,2.1937269,1,1,2,0,0,1,2,1,2,1,NAO,0,0
7f2df6e646721a18ece2591c07701cb2d17eb56d,2013-02-20 10:20:30 -0800,0.3214931,1.0157292,2,1,3,0,0,13,1,3,2,0,NAO,0,0
eb8b57ee9e96e77e30c796747103e83a19148232,2013-02-20 09:47:53 -0800,0.6935301,0.9930787,2,1,3,0,0,13,17,3,7,0,NAO,0,0
a69d8b0a543f1c81698a8908ff45487d590686a9,2013-02-20 09:35:37 -0800,8.8282870,8.8295255,6,1,7,1,1,20,1,10,1,1,NAO,0,0
0e11640d98fb6231196658e14459c062d48d2202,2013-02-20 09:20:22 -0800,1.5299884,3.9350463,2,1,3,0,0,3,12,3,2,0,NAO,0,0
685288286143175d609decf98c3bfdf954496cc7,2013-02-19 21:56:56 -0300,0.7000463,0.8606597,1,1,2,0,0,2,17,2,7,0,NAO,0,0
b1719e2f9ee3e958af25033b00cc33dcd373ff9a,2013-02-19 09:57:51 -0800,0.3477662,2.9610764,1,1,2,0,0,1,2,1,2,0,NAO,0,0
564e77f41afdf87d1b3bd50de29c1ca81e93d019,2013-02-11 22:42:22 +0100,0.0042014,0.0053819,2,1,3,1,1,3,1,4,4,0,NAO,0,0
c67b52cd89970f183c5661bb6f6d634fcf6f3cf8,2013-02-11 22:35:03 +0100,0.0065856,0.0071412,2,1,3,1,1,3,1,4,4,0,NAO,0,0
437c8f10e072b14915d3013ff2f8a9d5af550ffa,2013-02-11 22:25:08 +0100,3.0647106,3.0847106,2,1,3,1,1,3,1,4,1,0,NAO,0,0
7d95a24165a4073df3c1af320dabf1d856c34a70,2013-02-08 11:51:35 -0800,21.3293634,22.7648843,7,1,8,0,0,23,1,71,2,0,NAO,0,0
46200a34cbc5d9c058d5be96f0989fabf504eee2,2013-02-08 11:23:09 -0800,94.0140046,100.9321759,3,24,27,1,1,4,180,8,175,1,SIM,6,11
97e30693bb069c03dc3d7ef34e8c590d81765223,2013-02-05 10:57:07 -0800,25.9824537,26.0049306,4,1,5,1,1,23,2,101,5,1,SIM,1,1
5e95d7ae46bbaa1f1257ac5aa38e1c9d2f9665c8,2013-02-05 10:54:34 -0800,8.9755440,20.8086690,3,1,4,0,0,13,1,56,3,1,SIM,1,1
3f76ee9788b256aab2acb1465f3bd9c028deab76,2013-01-23 10:56:07 -0800,0.0188657,0.0222106,1,1,2,0,0,1,1,2,2,0,NAO,0,0
b7b0fbe42c8bb41c264be1020535dd5ac1a42496,2013-01-23 10:28:44 -0800,15.5375579,21.0503009,3,1,4,0,0,21,1,101,2,1,NAO,0,0
474774a86c9008f6f3bf2ff27a33d6d11bd370ad,2013-01-23 10:06:08 -0800,6.6758681,6.9704167,1,1,2,0,0,1,4,49,2,0,NAO,0,0
dc8d532eb38b5c3cd9aedd43e0699c0aaa6e5334,2013-01-16 10:43:13 -0800,6.9931481,7.8876389,4,1,5,1,1,13,2,57,2,1,NAO,0,0
1529fab61d9703c3b3027939ad42bf8288f1cad0,2013-01-15 15:30:05 -0800,0.1539352,0.1549769,1,1,2,1,2,1,3,1,3,0,NAO,0,0
b141f5f947f840874d18b4a2d213c45135147a26,2013-01-15 12:13:12 -0800,1.0352315,4.0227431,1,1,2,1,2,4,2,49,2,1,NAO,0,0
7127221c54b13c0deae89cbd256751a59683dbc6,2013-01-15 11:48:06 -0800,4.0375347,4.9934259,1,1,2,1,2,4,1,49,2,1,NAO,0,0
f3f2156ae46dd3d03e459a3fde895107300e79b0,2013-01-15 11:46:55 -0800,1.0163194,4.0044907,1,1,2,1,2,2,1,6,45,1,SIM,2,0
ca30a14f1e4ad6c360a5df52201fe3bbc17807e8,2013-01-15 11:45:27 -0800,1.0100810,4.0034722,1,1,2,1,2,1,1,2,4,0,NAO,0,0
4e44dd43c377b14646e457e70cc0ebfbfc4dcc04,2013-01-10 10:50:01 -0800,23.9969329,28.9714583,1,3,4,0,0,1,4,2,6,0,NAO,0,0
4a05dce96ee65e1fceeddcbf03501658bb623075,2013-01-02 09:16:18 -0800,34.6882755,44.0002662,9,1,10,1,1,80,2,146,3,1,NAO,0,0
d8c07ab398de6dbac4f2dbc5ded2eb53431b4053,2012-12-12 11:24:57 -0800,42.9521759,44.0089583,1,12,13,1,1,4,91,81,98,1,SIM,32,31
0d3be5715935ac042d53b28aa24b26bca8e4adbc,2012-11-27 11:12:47 -0800,1.8001620,8.0811574,6,1,7,0,0,63,4,75,9,1,NAO,0,0
228cad1d22c3b0e1768dccce677fffd8c97a53f8,2012-11-27 09:40:07 -0800,18.8623495,20.9717014,6,1,7,0,0,66,1,75,4,1,NAO,0,0
a1c3f4d871dab4b62822a85bbd2bcaa93cbf95d7,2012-11-26 10:17:44 -0800,17.9882870,19.9978241,1,5,6,0,0,57,9,72,46,1,SIM,41,343
3eecad86af8d42896f54adb3a7768c7a94ab2fea,2012-11-26 09:49:10 -0800,2.2051736,19.9811806,1,1,2,1,2,57,1,72,1,0,NAO,0,0
af597b29337f9f503af6d851f697bfa358c8412e,2012-11-26 09:27:53 -0800,0.7864815,7.0083102,1,3,4,0,0,1,4,1,2,0,NAO,0,0
e0ad3caebaa4eb4afe3c8e2953f4bd2a35e86417,2012-11-26 09:20:25 -0800,19.1128356,26.8469444,14,1,15,0,0,64,1,118,1,1,NAO,0,0
bdf4dfdd8b1ad2e76d359a54b7915faf5d87db40,2012-11-25 21:13:23 -0500,19.1859259,26.2170602,1,14,15,0,0,1,64,9,118,1,SIM,1,1
5a990196f872ac3dbb520c1bda40d498fde1b3a6,2012-11-19 09:15:55 -0800,5.9512731,9.9804398,1,1,2,0,0,1,1,2,1,0,NAO,0,0
1cfd4f6788542b67e259fac5bea665551cfd4353,2012-11-06 10:10:41 -0800,12.4686343,35.0291667,13,1,14,0,0,58,3,111,2,0,NAO,0,0
a6663828ce3a23eb928149f48fe9653e8d405a75,2012-11-06 10:10:21 -0800,34.3987616,36.0280440,13,1,14,1,1,58,4,111,6,1,SIM,4,3
8a41d27f71597e293cd4c5376e48fc31bb67586d,2012-10-30 12:01:18 -0700,0.9877894,1.1007060,1,1,2,0,0,3,1,80,2,0,NAO,0,0
aa9106599f033d6dfd87600c3607b91390e2b8ba,2012-10-26 08:02:27 -1100,0.8209491,3.7487384,1,1,2,0,0,1,3,2,2,0,NAO,0,0
f3c15feac4482723ec604bf7f250302f4c928868,2012-10-26 01:20:01 +0200,70.6782870,83.8169676,1,11,12,0,0,1,69,2,81,0,NAO,0,0
e6d25ed95e0c6e17d8bcda1ea8d82ab659bdeb0c,2012-10-22 14:02:54 -0700,13.7856250,17.1309722,1,1,2,1,2,1,2,2,3,1,NAO,0,0
0e4fcdb6bd4722ec1ba532fbf8d1483bbf4c63af,2012-10-05 10:54:18 -0700,1.6418287,4.0168981,9,9,18,9,2,31,31,62,69,1,SIM,1,18
e25d98d1af06477b4e923c326c614802ed106a18,2012-10-01 18:58:41 -0700,13.9457755,14.3079977,10,4,14,3,1,31,23,63,45,1,SIM,12,29
83f71f590a5449aac7fac5d3a473e76764524205,2012-10-01 17:57:05 -0700,13.9457755,14.2652199,10,4,14,3,1,31,23,63,45,1,SIM,12,29
37e12e05a89be160af2719b7c51c70934cb80537,2012-10-01 10:29:07 -0700,46.4678009,59.5732870,4,1,5,1,1,23,1,47,1,1,SIM,1,3
ce7caad49b49aad4d4499c0708372fd2391e0883,2012-10-01 09:10:13 -0700,0.7187500,6.9554398,1,1,2,0,0,1,1,1,1,0,NAO,0,0
4e8903bdbccc2b6f37cd998298c539a74cbd5975,2012-09-17 11:48:50 -0700,45.9526042,53.9782986,4,2,6,1,1,18,3,40,4,0,NAO,0,0
a5af2ea64f11fc24ca4ed4bc9b9af3e7f817ef8b,2012-09-17 11:48:03 -0700,45.9526042,53.9777546,7,2,9,1,1,28,3,60,4,1,SIM,1,1
7fcb2b77e53d51541a350f0ea3a3941756b8327b,2012-09-05 09:12:12 -0700,10.7028125,22.8200463,1,4,5,1,1,2,4,2,6,1,NAO,0,0
e0153062c4b75d3518f8374badac6ec8cdb6a95c,2012-09-01 17:16:18 -0700,0.0160069,0.0170718,1,2,3,0,0,1,2,1,3,0,NAO,0,0
123a52e4b5b7d27d31c50f3549b8ebb109764499,2012-09-01 17:15:59 -0700,13.0687731,29.8558333,6,1,7,1,1,22,1,58,1,1,SIM,1,3
3147f17af2a03bca8799bdd677d3c76c62a84d73,2012-09-01 16:53:33 -0700,4.6584259,4.8464583,2,1,3,0,0,16,1,53,2,0,NAO,0,0
8cfa3a3e8286090d2981efe2d840c9db2f58b81e,2012-09-01 16:52:56 -0700,4.6575810,4.8460301,2,1,3,0,0,15,1,52,1,0,NAO,0,0
7740b99d8547cd88ba3696e7ec2578238fe3b1e6,2012-09-01 16:51:43 -0700,4.6529514,4.8451852,1,1,2,0,0,2,13,4,49,1,SIM,1,1
64e5f60a3cdf855979b52443a50938b09d18de26,2012-08-31 10:22:54 -0700,11.7952894,28.5689699,1,4,5,0,0,12,7,48,8,0,NAO,0,0
6b56c7e4cf472414583311b3d7f1717a7782a6f2,2012-08-27 20:34:39 -0700,0.2629977,8.2235880,2,1,3,0,0,2,2,4,2,0,NAO,0,0
289032346ab2f2697c01a7c1f73b3061ab4cc5f2,2012-08-27 20:20:00 -0700,0.2494213,8.2134144,1,1,2,0,0,1,1,2,2,0,NAO,0,0
db0b1bcee215e8794dd390c04cb0fe915d4c9c6a,2012-08-19 15:17:00 -0700,3.6928009,16.7732060,2,1,3,0,0,5,1,33,3,1,NAO,0,0
de5e86c38dc0447e73b6345a370cfe2a16e44512,2012-08-19 15:16:44 -0700,11.0332755,25.1226736,2,1,3,0,0,5,1,33,2,0,NAO,0,0
d3a73cdd960d490b2260680e88c998668ae2bcde,2012-08-19 15:12:41 -0700,8.4117245,25.1891435,3,1,4,0,0,5,3,44,2,1,NAO,0,0
1776b8d547cde0a215d0c840f098f1bb7e8fd5a2,2012-08-02 21:03:54 -0600,81.4410764,90.4096065,0,18,18,0,0,0,85,0,114,0,NAO,0,0
9f4a4998edbf4ebdcfc98106fec19b12ff266d0d,2012-07-25 18:53:39 +0100,6.1297569,7.3195370,1,1,2,0,0,4,2,13,2,1,SIM,2,3
42f5e77a1bb8292920f83e5476d7d8f5280eabaf,2012-07-25 10:50:42 -0700,7.3102778,9.0689352,2,1,3,0,0,5,1,13,2,0,NAO,0,0
c39eee0dfa2b1b4864597ca1bbb201c12fd105c3,2012-07-25 10:26:24 -0700,7.2912269,9.0520602,1,1,2,0,0,2,1,12,3,1,NAO,0,0
73c0b1bd66a982660d2f039fbfc8d8cdcf2b74de,2012-07-16 09:11:26 -0700,5.7061458,10.9339699,2,2,4,0,0,10,2,6,20,0,NAO,0,0
de11511db72f7db5685af5cb80985bdb310cd96e,2012-07-16 09:09:59 -0700,5.7054977,10.9329630,1,1,2,0,0,6,4,2,4,0,NAO,0,0
0ef8c820a483a1d4d93bf6062d5558e81d4c8d23,2012-07-16 09:09:03 -0700,18.2832639,31.9683681,5,1,6,0,0,9,6,8,2,0,NAO,0,0
40cc6ed14f6aaedc26af7c57b41616011bb37dc8,2012-07-11 14:15:08 -0300,66.2793981,68.0007407,2,13,15,1,1,2,64,20,93,1,SIM,17,17
73c336364dc3511f47028bfaa0158d6e7d479549,2012-07-05 09:44:24 -0700,18.2329977,20.9929167,3,1,4,0,0,5,3,6,1,0,NAO,0,0
5732c1d39bf7ca09f99d6769c31f948c06c55c62,2012-07-05 09:34:08 -0700,18.2312269,20.9857870,2,1,3,0,0,4,1,4,2,0,NAO,0,0
17a4d26eee4d3c39546351ea7c6ecdb0072c5a8e,2012-07-05 09:31:35 -0700,15.4363889,20.9840162,1,1,2,0,0,1,3,2,2,0,NAO,0,0
fc5be4fa50d7ca4f76de9e2adb6951fcdeecb905,2012-06-20 22:59:00 +0200,0.0065509,6.1697222,1,1,2,1,2,1,1,2,2,2,NAO,0,0
164ba2c7b080a45aa83ee68294d612483719f941,2012-06-14 09:00:56 -0700,0.0822685,1.9017708,1,1,2,0,0,1,1,1,2,0,NAO,0,0
3ce5de47787b8c991e99f48bfcd7dc2f10751994,2012-06-12 10:07:59 -0700,3.7719097,4.7129398,2,1,3,0,0,5,6,5,3,1,NAO,0,0
4069225ed371823a85b0e749b9e4ff8d9dc13a91,2012-06-08 10:04:37 -0700,33.4363773,34.9934375,5,1,6,0,0,38,1,90,2,1,NAO,0,0
4b91be26ac82ee99fd00ca8cb2ae23165ba98c9b,2012-06-07 17:01:21 -0700,27.1855671,27.1955208,3,1,4,1,1,17,6,78,29,1,SIM,2,5
7cce28bc21755ac8f858219b139017f8cc8a6502,2012-06-07 16:47:35 -0700,13.1800579,14.2952083,1,1,2,0,0,7,2,6,2,0,NAO,0,0
c5ff2d9404f33ce55aa690dc2da461a1d432a776,2012-06-06 14:24:40 -0700,17.8418866,26.0867130,2,1,3,1,1,10,3,76,2,1,SIM,1,2
6ed18086f0a466ccab719e67c4ad3cf70877d6bb,2012-05-24 10:28:06 -0700,10.6086690,12.9224306,1,1,2,0,0,1,8,1,74,0,NAO,0,0
568bb72b7ffac1479a4509c246166fbbb501388e,2012-05-11 12:20:22 -0700,1.1529167,3.1179398,1,1,2,1,2,5,2,29,48,0,NAO,0,0
7eb81722add0bb9ee74a3060c8d9490215763d35,2012-05-08 09:30:32 -0700,1.0792130,3.9698148,2,1,3,0,0,10,3,14,4,0,NAO,0,0
2c15d67f082305ea4546cdecea8d57b951a22cdd,2012-05-05 02:44:56 -0600,17.3157870,24.2005903,3,6,9,3,1,4,49,16,36,1,NAO,0,0
68cfce0ee2b735738673a15e4074c81d8143e352,2012-05-04 10:18:27 -0700,0.0047917,0.0119329,2,1,3,1,1,20,12,16,15,1,SIM,1,1
c93e87cac776784e60cd184b1702a863b50a865b,2012-05-04 10:07:44 -0700,4.0380556,7.7711458,1,1,2,0,0,10,1,9,2,0,NAO,0,0
d9959ad0cc24d53629d77272bb45608c0afc929e,2012-05-04 10:07:06 -0700,4.0380556,7.7707060,2,1,3,0,0,20,1,16,2,0,NAO,0,0
2966671f693ad475b4040b11d78c558bc802498d,2012-05-03 18:21:22 -0700,0.2325000,6.3630208,1,1,2,1,2,10,2,9,7,1,NAO,0,0
05a2ec07da4fded9c15cc99463059ac433b113f3,2012-05-03 18:20:58 -0700,6.8850926,7.1154282,2,1,3,1,1,6,10,7,9,1,SIM,3,3
8dc34f0984cda2eb871ab3feb1c5cb48fcc33ab4,2012-04-26 17:19:33 -0700,3.1843171,3.2690625,1,1,2,0,0,14,2,14,2,1,NAO,0,0
fb6bfa84822977f103ea4d4d3316b656272d96ec,2012-04-26 15:37:17 -0700,0.0047106,0.0067130,0,1,1,0,0,0,1,0,2,0,NAO,0,0
dfaa66c11f689b01727230b560e7b7182c8e8538,2012-04-26 09:36:18 -0700,15.5278588,16.9540741,5,1,6,1,1,32,1,33,1,0,NAO,0,0
c196bb9546a997e4e81d2a1085a43b42e341f24f,2012-04-26 09:36:12 -0700,23.7501620,26.9521412,1,5,6,1,1,4,32,5,33,1,SIM,2,8
46b168649b69689373359bca9b0f345ab0a2c1bd,2012-04-23 10:12:03 -0700,14.5186690,23.9770370,5,1,6,1,1,20,6,23,3,1,SIM,1,1
497000623eded55d0d6b5d0fe4e2aadefcbbcda3,2012-04-17 03:39:20 -0600,3.6104051,11.3195833,3,1,4,0,0,4,3,16,2,0,NAO,0,0
e24e543964638f6b27e9cd4e657af835a5aebb45,2012-04-10 20:58:24 -0700,2.3150116,2.5874421,1,1,2,1,2,1,10,2,2,1,SIM,1,1
a578af5c627937777e58435db0645f252b390353,2012-04-07 07:17:06 -0600,3.8183912,7.8138773,3,1,4,0,0,4,2,16,3,1,NAO,0,0
a5b0b715f84f6f4cda7033525d84981714151a30,2012-04-05 18:58:31 -0700,15.3686111,15.3726620,1,4,5,1,1,1,18,2,30,1,NAO,0,0
6a5d0d47656eb89a3d3885091e60d6d8fcb4433a,2012-04-02 09:20:26 -0600,0.3722801,2.8995255,2,1,3,0,0,3,1,14,2,0,NAO,0,0
00722f8e7d2cfaad38277c61813351829d8d4684,2012-04-02 09:16:44 -0600,11.5319907,11.8767708,4,1,5,0,0,15,2,29,12,1,SIM,4,6
1f4ac691add69a277ec38d0aeb5bd2918412771b,2012-03-30 10:37:28 -0700,9.9165856,9.9479167,3,1,4,0,0,13,4,30,1,1,NAO,0,0
3935a501425926276e619bc35fae5ec4b613f545,2012-03-23 10:48:15 -0700,0.4799769,1.9819907,2,1,3,1,1,4,1,5,4,0,NAO,0,0
d918b9137489be128aea56e092cd93cfb7508b69,2012-03-23 10:44:26 -0700,0.3787384,1.9793403,1,1,2,0,0,1,3,2,3,0,NAO,0,0
bdd04dce23c4110149ba0c9fef73a24bacf88e91,2012-03-19 11:23:53 -0700,6.4512037,10.7607639,1,1,2,0,0,2,1,2,2,0,NAO,0,0
58ba38abac320629fa956ff17dbf4ef704b98b46,2012-03-08 16:08:23 -0800,5.4160417,6.1011343,1,1,2,0,0,1,1,2,2,0,NAO,0,0
8c7a659330f839a235616b82b2e2f789853cd276,2012-03-08 16:07:24 -0800,0.3298843,6.1536458,1,1,2,0,0,2,1,3,2,0,NAO,0,0
41ce1b9b6041ec29893c6d0937ec2ded867ec36c,2012-03-02 11:43:55 -0800,0.6410648,3.0837500,1,1,2,0,0,8,1,13,1,0,NAO,0,0
77287fe6fd770659d514bc2f80bb67ef184cc858,2012-02-28 09:25:07 -0800,7.5190856,7.9132986,2,1,3,0,0,8,2,10,1,0,NAO,0,0
af869a320a8b1a5cde25c2c7fb98eb4e8fafd41f,2012-02-28 12:01:41 +0400,4.5264468,9.5161806,3,1,4,0,0,6,1,13,1,0,NAO,0,0
e1a76d52ec8433c7808870131d26adc83a7c1059,2012-02-20 11:29:58 -0800,8.6265972,12.1192014,3,1,4,0,0,6,1,13,2,0,NAO,0,0
e141548f103a1c57ec756d2182e962fe54a9377c,2012-02-20 10:00:03 -0800,8.6257986,12.0567593,2,1,3,0,0,5,1,12,1,0,NAO,0,0
2010c57d299251ab1612ee803ea59d90fc69d394,2012-02-20 09:58:54 -0800,8.6055208,12.0559606,1,1,2,0,0,4,1,11,1,0,NAO,0,0
0d17e21a98517f988d7f514164a42f79ba0ebee4,2012-02-02 10:18:07 -0800,1.7999884,3.0622106,1,1,2,0,0,5,2,10,3,1,NAO,0,0
57ccb0ca3825d090fc911ef0a3acccfa33c2f0a7,2012-01-13 09:18:52 -0800,1.7978819,1.9956713,2,1,3,0,0,3,1,10,1,1,NAO,0,0
496e3f64461074855b21348d6590cef40b65b999,2012-01-13 09:00:46 -0800,15.4904745,15.9209838,2,1,3,0,0,15,2,28,2,1,NAO,0,0
99e0998a18416ab2d5456481954d67e2725acfb7,2011-12-15 13:48:33 -0800,2.4148380,3.1468403,3,2,5,0,0,4,22,12,14,1,NAO,0,0
ef2c9ad1fb1c3204a6635e2deaeed35ce19c6c06,2011-12-15 13:30:51 -0800,2.4146065,3.1345486,2,1,3,0,0,3,1,10,2,0,NAO,0,0
bd7a57ea344c73cfa2f7e6c4d95f2587b4a3b43b,2011-12-14 14:14:22 +0100,4.8176273,5.0186690,2,3,5,0,0,22,13,14,23,1,NAO,0,0
e4229dc41fbf80d361831da5783bb0b0b6e2776c,2011-12-09 09:14:55 -0800,7.6295255,7.9141435,2,1,3,0,0,8,1,20,1,1,NAO,0,0
49d116d061138808a72db20ff301652f002e018d,2011-12-09 13:54:02 +0100,7.5109375,7.7329745,2,2,4,2,2,10,9,14,14,2,NAO,0,0
e9dde92edf16d79e9962abd8cfc43afea546b539,2011-11-29 09:19:55 -0800,10.3953704,11.6441898,3,1,4,0,0,6,1,16,2,1,NAO,0,0
f0fc94ebcf6c8e445e8e9e8825d192e9d392f98b,2011-11-28 09:34:08 -0800,9.9025694,10.6540625,1,1,2,0,0,1,1,2,1,0,NAO,0,0
7c31b0e7dfbf518d59861e9bacabe30eafd9df01,2011-11-16 09:05:40 -0800,0.4675116,1.9443519,2,1,3,0,0,8,3,37,2,0,NAO,0,0
a24b4b20a9592c7256002d2c6b4da91903f7ace5,2011-11-14 10:20:04 -0800,0.0140046,0.0222106,1,1,2,0,0,4,1,20,1,0,NAO,0,0
4084ad60a29e12ef4c3a74dafe08e9aa954ba4d4,2011-11-14 09:40:19 -0800,1.2157870,1.9041088,2,1,3,0,0,4,1,15,1,0,NAO,0,0
49cabf32eee0512d2e85a5deb0a1c4402a9752fe,2011-11-14 09:12:15 -0800,0.3340394,2.6256366,1,1,2,0,0,2,2,1,15,1,NAO,0,0
9440c6a0c3ba3e7a96532f1307d47b19a487261f,2011-11-11 08:04:07 -0800,0.7593403,0.9195833,1,1,2,0,0,1,1,3,2,0,NAO,0,0
3d9774e52c20b9513ff004bc6a8a6a1fdd515724,2011-11-07 14:43:33 -0800,1.9184606,4.2194444,1,1,2,0,0,2,1,6,2,0,NAO,0,0
6f41c29e4c3d6717640369ad3344f9bb41498ed0,2011-11-03 09:29:13 -0700,1.6676736,2.9257755,1,1,2,0,0,11,1,44,2,0,NAO,0,0
c7964b58dab33448fcc5880dd42752372ae05c24,2011-11-03 09:28:06 -0700,2.0289352,8.7074884,1,1,2,1,2,1,11,1,44,0,NAO,0,0
becdd9516aaef2ef53f04873db9a7ca0569db169,2011-10-31 11:16:06 -0700,7.2866435,10.0874653,3,1,4,1,1,9,1,19,1,1,NAO,0,0
bf74079638a795a3f8ad352e9f75b71f4af18cd3,2011-10-25 09:05:16 -0700,3.0806250,3.9966088,2,1,3,0,0,2,1,17,2,1,NAO,0,0
ab76527485396033aa2312efa6f577f4b0e386ae,2011-10-21 13:20:56 -0700,0.0772801,1.7313542,1,1,2,0,0,1,1,2,15,1,NAO,0,0
4e1241abcd957838ccb21fa89fafdcfe14564482,2011-10-06 09:15:45 -0700,0.3002662,14.9768634,1,1,2,0,0,1,1,1,1,0,NAO,0,0
7430cbbb56ecffc513b193f846f4e122c4970b40,2011-09-14 09:47:33 -0700,6.8014352,12.8069444,1,1,2,0,0,1,3,5,2,0,NAO,0,0
1f3e53125f428400c5fa8e6b7f0df7c2dcb1289e,2011-06-16 12:38:07 -0700,0.0339236,3.1372454,1,1,2,0,0,1,1,6,1,1,SIM,1,1
35efaf633569f1a354e217ccfb3c7813f7b72a59,2011-06-13 09:20:29 -0700,35.0230208,35.0265741,1,1,2,1,2,2,5,2,16,1,SIM,1,1
c21bf6cc49bb331798a1ac7de67571256468f08a,2011-03-15 15:54:43 -0700,7.7438773,7.7873264,1,1,2,1,2,1,7,1,9,0,NAO,0,0
