Hash do merge,Data do merge,Tempo de isolamento 1 [ancestral](dias),Tempo de isolamento 2 [ancestral](dias),Tempo de isolamento 1 [pai](dias),Tempo de isolamento 2 [pai](dias),Tempo de isolamento [merge],Desenvolvedores 1,Desenvolvedores 2,Intersecção de Desenvolvedores,Commits 1,Commits 2,Arquivos alterados 1,Arquivos alterados 2,Intersecção de Arquivos,Conflito,Arquivos,Chunks
302a6152b4f655bf7f49fe32f5b5676483efb159,2018-10-23 20:38:42 -0400,1072.0699537,281.1561690,4.0028125,366.0385069,378.9051389,4,11,1,44,48,38,36,1,SIM,8,10
62e12fe7105b552e70f32a9b288dcaf695f04737,2017-10-13 22:27:30 -0400,1072.0372338,14.0815278,18.8802778,14.9101852,18.8908796,4,8,1,42,36,38,34,1,SIM,11,13
19c8d64855d83e24164bc83e40ebacc24179f32a,2017-09-25 01:07:08 -0400,1004.9578125,38.1256713,0.9263773,49.1255208,49.1272569,4,2,1,40,14,38,6,1,SIM,2,3
c319fe260ade6c05321948960cb9185fdbbf2487,2017-08-07 19:33:00 -0400,850.5176042,149.8935995,0.0064815,153.5203125,154.4155324,4,11,1,38,53,36,96,1,SIM,10,7
e5dbb0cb4e3a1a8cb7278e889d09156ec34d13e4,2017-03-06 08:40:02 -0500,845.9394907,4.6183449,0.0619329,4.6335648,4.6373148,4,4,1,37,14,36,34,1,SIM,5,5
501e24e0a941fb43b1d0b4a0363386111535cd31,2017-03-01 18:17:04 -0500,814.0853241,24.8600463,0.2083912,32.0006250,32.0386574,3,10,1,35,42,35,34,1,SIM,9,7
bcbb9d56c57ab7ad20b3be52fe8191145ab48016,2017-01-28 21:02:36 -0500,813.1493519,181.4217477,225.5763542,226.3039352,226.4575463,3,6,1,31,24,35,17,1,SIM,4,4
1dbfee66235c6a4e2f8e440264f71f31ddbe75d4,2016-06-20 00:37:34 -0400,441.0484606,126.6541435,0.0122569,146.5367940,150.1019560,2,10,1,28,43,34,31,1,SIM,7,7
7cafdb5824a15a26fe10a3599f26ab84698093d8,2016-01-21 21:23:07 -0500,242.1772917,181.0234838,0.9966551,199.8555671,199.8641551,2,9,1,26,53,34,16,1,SIM,3,3
9848645a8e2d5b3c02d54cab4070d51710603d3e,2015-07-31 16:56:22 -0400,607.9860185,3.7538426,22.9396528,25.6400579,25.6687153,60,1,1,506,6,191,2,1,SIM,2,5
b309b873f115a87c7f8858353ee41087ac3e9269,2015-07-06 16:13:54 -0400,192.1410301,19.0146065,0.0021759,49.0417824,49.6495370,1,8,1,17,52,25,23,1,SIM,7,14
1f906d4ffbb29e66a58564e6cf4e585b625d7593,2015-07-06 00:57:49 -0400,570.0833912,0.0105903,2.1887500,17.1517245,17.1547801,60,1,1,497,4,191,2,1,SIM,2,4
3d2ecdd5fabf697c9e3d212356b557cbba618fe3,2015-06-18 22:10:21 -0400,567.9300694,1.8314120,31.9175463,31.8821181,31.9206019,56,1,1,469,12,190,4,1,SIM,3,9
f90e045334917579fa63ed52aa244e4d86fe012c,2015-05-18 00:41:42 -0400,108.1955440,78.1059144,0.0023495,83.9456597,83.9478356,1,8,1,17,61,25,23,1,SIM,4,4
62d5c385759b090b4d55ff8bd934074a562ae2f7,2015-05-18 00:12:01 -0400,519.9426620,0.1304282,45.8890278,61.9588889,61.9639815,55,1,1,458,11,190,6,1,SIM,3,6
40f4ac3cb3d6099444a3c386924966cbbbcfaae5,2015-03-17 01:52:23 -0400,474.0822222,0.0351736,16.0615278,16.0329398,16.0666204,52,1,1,444,10,190,3,1,SIM,2,5
cd6df7699dba2fcdd17dbf15348c001732818eb5,2015-02-28 23:29:23 -0500,452.0903935,0.0905556,4.1464583,10.0767593,10.0857407,49,2,1,434,7,190,7,1,SIM,3,5
f6ec710534e2944cc2c631cf71f63095ff30581c,2015-02-23 01:00:12 -0500,86.8078009,6.2932060,0.0018866,21.3872801,21.3896296,1,4,1,17,26,25,19,1,SIM,3,3
531f024e486c13eb6d7e2bc0966ea95b1567197a,2015-02-18 22:33:47 -0500,445.7971875,0.9539005,15.1102199,17.2569676,17.3040972,46,1,1,419,10,188,11,1,SIM,8,22
a9ef9e13fb91152bf4eaa9b8afa69d9b30274c09,2015-02-01 15:41:51 -0500,75.3215741,0.9253819,0.0211806,11.5055208,11.5074074,1,4,1,17,12,25,5,1,SIM,3,3
c73d7650b5c708ddef110f505adf82fc5f5ab606,2015-02-01 15:23:53 -0500,429.9145486,0.0146644,10.7259259,11.4983449,11.5039005,45,1,1,414,5,188,2,1,SIM,2,5
8a5ecd3d893482bb04de44368d3b95825ab3de41,2015-01-21 03:58:41 -0500,0.0651852,81.1814468,8.9003588,84.1355671,84.1546644,1,6,1,16,87,25,57,1,SIM,6,4
82689d68cf39226aebf838aecb54e42a4aa4ac18,2015-01-21 03:24:31 -0500,412.0036574,0.0519444,4.9060532,12.0910185,12.0953588,43,1,1,407,6,188,9,1,SIM,2,5
b809498cf8ceb43f64ea3c23e0a266d354d4f37a,2015-01-13 22:14:26 -0500,411.9307986,0.3340741,31.9772338,27.1440394,32.0240625,43,1,1,403,13,188,6,1,SIM,6,10
4aa2801054c6142b0d642c98b2af4037522fa9ca,2014-12-12 22:06:21 -0500,378.0464352,14.5201736,17.3412963,19.2484259,19.2668750,41,2,1,379,9,187,34,1,SIM,6,7
e3e41a1118469e300e721983ad5ac5ec47b897d6,2014-11-23 15:54:20 -0500,346.8491319,0.0337963,0.0234954,13.8795023,13.8880324,41,1,1,369,6,187,2,1,SIM,2,5
2262a18900882f0769fe5a35d9e67dc456d68b5f,2014-11-09 18:39:46 -0500,343.9356829,0.0019792,8.8772801,11.7672338,11.7701505,40,1,1,364,3,183,2,1,SIM,2,3
ab6c1895042ef20ca843b8f33a93159b78882352,2014-10-29 01:14:04 -0400,335.0322106,0.0014931,5.9629745,5.9891667,5.9914699,39,1,1,359,2,183,2,1,SIM,2,3
ccc45a74f89b45a6551bc8ff305581dbc8175bca,2014-10-23 02:06:20 -0400,329.0828588,5.1973264,7.0528009,7.0391782,7.0669444,38,2,1,349,15,174,11,1,SIM,9,24
2c5ed88c902448489fc9ebcc98bd44c01a280d28,2014-10-16 01:27:44 -0400,316.7042477,4.2628935,1.9861227,7.3119329,7.3520718,37,2,1,338,4,174,3,1,SIM,2,4
6aa4a450ed2eb352266d06306d42be11e545cc60,2014-10-08 21:45:42 -0400,300.8557870,5.7312963,0.0280556,13.8903935,14.0882755,37,1,1,332,5,174,2,1,SIM,2,4
b8c8ecebb710891ae362ab3832ef1f7b85745e3c,2014-09-24 20:11:19 -0400,296.0981366,0.0179630,0.0075347,4.7371296,4.7598611,37,1,1,329,4,174,2,1,SIM,2,4
0300b61fdd767be451b59c8af7ac6923733db084,2014-09-19 23:05:45 -0700,294.5825926,0.0017130,0.0049074,1.5129167,1.5189120,37,1,1,327,2,174,2,1,SIM,2,3
b2518fe1353c89fb3afdfa800202e60d9250297b,2014-09-18 10:43:35 -0700,294.0016435,0.0015046,1.8571759,2.4332176,2.4367361,37,1,1,326,2,174,2,1,SIM,2,3
916a75cf19b49686dc9affc7820536b83947878b,2014-09-16 23:08:03 -0700,293.0947338,0.1063310,8.0954398,7.1451736,8.0989005,37,2,1,318,7,174,4,1,SIM,3,6
3dca534995651a38a784512b0b3132d07a512969,2014-09-08 23:48:59 -0400,284.8836111,0.1761574,3.7785648,3.8942477,3.8965741,35,1,1,304,16,173,5,1,SIM,3,7
a3115882d48181dc09b40c952fd88ca225986f6a,2014-09-05 02:20:02 -0400,275.0772338,0.0156366,0.0109491,6.0387616,6.0402315,34,1,1,299,4,172,2,1,SIM,2,5
20635d03fcc17e7a5533c2714e02fd27a711bb1b,2014-08-30 01:28:38 -0400,272.9201157,0.0015394,0.0293866,2.1755556,2.1800926,34,1,1,296,2,172,2,1,SIM,2,3
7fb7bcc0f7571997cd1752749683073df0403aa6,2014-08-27 21:20:53 -0400,269.5708333,0.0032060,5.6134491,8.9333449,8.9413889,34,1,1,293,2,172,2,1,SIM,2,3
9eafaa23d829910c4bd4824034efc43f76e42559,2014-08-18 22:54:25 -0400,260.0277778,0.0444792,0.0229977,3.9526042,3.9589468,34,2,1,288,7,172,6,1,SIM,3,8
66801323927426a47bf022e9f8ef7e2038f86ecf,2014-08-15 00:14:42 -0400,255.9468519,3.0582986,0.0049653,4.0628935,4.0775926,34,1,1,282,5,172,2,1,SIM,2,4
59cb99e9be8273db7432ba1d505fe8cedd87d3c2,2014-08-10 22:26:49 -0400,252.5127662,2.9938079,0.0035648,3.4326852,3.4353588,34,1,1,279,6,172,3,1,SIM,3,6
e05a52078a3412e4875f90cf5211a9256bc3c8f7,2014-08-07 12:01:08 -0400,251.7744907,0.0043287,0.0100000,0.7447106,0.7455671,34,1,1,277,2,172,2,1,SIM,2,3
cca88a7c47fd15a7df5434bd92e55efa95557138,2014-08-06 18:09:15 -0400,251.7524190,0.0011690,0.6731713,0.6852431,0.6864468,34,1,1,274,3,172,2,1,SIM,2,4
19abf7684bfa9e173660663fb25a96b39e5989dc,2014-08-06 01:55:45 -0400,249.7440394,0.0040046,0.0043056,1.3395139,1.3499190,33,1,1,265,5,171,2,1,SIM,2,6
d8237b976b64e11978b194191ef14f916475144e,2014-08-04 17:35:42 -0400,249.7276968,0.0035764,8.0560995,8.0681366,8.0707986,33,1,1,263,3,170,4,1,SIM,3,7
454c4b2350011bca6374c70d0264fa42a27e1552,2014-07-27 15:58:45 -0400,240.7963773,0.0093287,0.0493981,0.9246181,0.9280903,33,1,1,256,4,170,2,1,SIM,2,4
8e63521f688649219857c958d26076cb9914508d,2014-07-26 18:06:11 -0400,239.8607870,0.0083912,2.8144907,3.7006829,3.7172685,33,1,1,254,6,170,3,1,SIM,3,6
f34944c539f3a8e0f35a7f41011635e40141fc3c,2014-07-23 16:15:00 -0400,237.6817245,4.4407870,12.1227894,11.4873611,12.1274190,33,2,1,251,9,170,8,1,SIM,6,10
4ea6f21b02fdf290aea723ee42cbb0aab0313b20,2014-07-11 16:28:37 -0400,225.4088079,0.5937500,7.3717477,7.5218750,7.6587500,30,2,1,222,11,169,5,1,SIM,3,6
bcee7303547f894b6cd3529ea5069a07f65f7cc9,2014-07-04 01:14:40 -0400,217.5466435,0.4787963,6.7624421,7.2528588,7.2769213,28,1,1,208,6,168,5,1,SIM,4,9
8a15f83d72b231ff36ae22bfd02ecedb51dc8d6b,2014-06-26 20:31:51 -0400,210.8633681,0.0100463,4.9394907,4.8603241,4.9408449,28,1,1,203,4,168,2,1,SIM,2,4
d91bf81c310898ae4a65dd6a993d7402294a4d87,2014-06-26 20:29:54 -0400,4.9331250,0.0009606,4.1820833,6.1457407,6.1479514,3,1,1,21,2,29,2,1,SIM,1,1
3ffceff3ed356a711fce5fee6ed00a03f43affd8,2014-06-22 11:42:15 -0400,204.7154167,1.9595023,8.6866088,9.8950694,10.4681366,26,1,1,187,7,163,14,1,SIM,11,12
e799c0fb7b313400ab903c0389cd21298e24926f,2014-06-12 00:38:29 -0400,196.0214005,0.0053009,2.2247222,2.2321296,2.2393171,25,1,1,180,4,162,2,1,SIM,2,5
898dcfac8b77a60a4183846f2d54bd5557191089,2014-06-09 20:39:22 -0400,193.8596875,0.0026852,3.8650231,3.8020139,3.8752778,25,1,1,173,4,161,2,1,SIM,2,4
9bf1247716c1f43e2c31c96fc965387abfeae531,2014-06-05 23:45:31 -0400,189.8290278,2.2889931,2.7916667,2.9573032,2.9618519,23,2,1,161,10,161,3,1,SIM,3,5
402ec83157dbfbafc5ad6f3bca376b250a25b09e,2014-06-03 00:47:39 -0400,186.8938773,0.2225810,2.9851620,3.1286458,3.1336458,23,1,1,159,5,161,5,1,SIM,5,7
db4448dda88f23dccb6f4f6f19481dda0b39e31a,2014-05-30 22:17:51 -0400,182.0213194,2.9032176,1.0237037,2.9110995,2.9407176,23,2,1,149,15,160,53,1,SIM,18,25
3fbab91231ee611a8080abd20267929c3376adeb,2014-05-27 23:49:47 -0400,176.8089005,0.0283102,2.7216898,6.9104051,6.9149653,23,1,1,146,2,160,2,1,SIM,2,3
db4a061ed6244afb2c4aa11244bbf0d694586614,2014-05-21 02:08:04 -0400,173.4666667,2.1157407,2.0128009,2.6333449,2.6443403,23,2,1,141,16,160,22,1,SIM,9,31
097cd0c242debb3c7f369fab68fc8461bd4e891c,2014-05-18 11:21:30 -0400,169.6410069,4.7315741,6.9210532,8.7339120,8.7625810,23,2,1,134,13,159,83,1,SIM,20,22
35c50601bdd67b54b5e8b7a779d24f6dee54c3fd,2014-05-09 17:33:26 -0400,162.7129167,7.0006366,1.1262616,1.1332986,1.1541667,23,3,1,127,19,158,16,1,SIM,10,15
0bbbc849593476764cae46f335f96b4894f8c7cc,2014-05-08 14:45:47 -0400,2.2271875,1.0240278,4.8001620,10.7872569,10.7893750,3,1,1,3,4,4,6,1,NAO,0,0
2901bd6916f90accfcf0f1ae1ae3acf48de61038,2014-05-08 14:01:02 -0400,150.8350231,0.9884028,3.1336574,13.8852894,13.8919560,21,1,1,118,3,157,6,1,SIM,2,2
66b38b58bc17d6b6642ab3e91f12194ed9a27efe,2014-05-08 13:55:00 -0400,5.2544792,0.9884028,13.2724306,13.8852894,13.8877662,1,1,2,6,3,3,6,1,SIM,1,1
8ccceacf91bffc535ef9f05ab2084c7111529896,2014-04-24 16:43:51 -0400,147.6639120,0.0317477,29.9484606,29.9859144,29.9909375,21,1,1,109,8,155,3,1,SIM,2,4
6ac6305b533d3569f91ff411eee5e3c8918a4253,2014-04-24 15:42:41 -0400,146.4408218,70.6743519,120.8240625,92.0986921,122.0471528,21,4,1,109,8,155,6,1,SIM,5,8
5480cb95716339e0a581db3b9e66bb6f8dc3b37f,2014-04-22 23:09:49 -0400,2.8804051,1.4734144,4.7050347,4.7927546,4.8202083,2,1,0,2,4,6,4,0,NAO,0,0
bdb3bb98f681a2cfdb705a4b1773e9a5031a91bc,2014-04-21 22:12:38 -0400,0.0000000,0.0000000,1.7774884,3.6021181,5.5579861,1,1,0,1,1,1,5,0,NAO,0,0
2e830fff995fabe4394ce734bba9c3bc33367fb9,2014-03-27 15:22:49 -0700,0.0000000,0.0000000,0.0052083,1.7447106,1.9998264,0,1,0,0,1,0,42,0,NAO,0,0
4867cf1e7b59e6fc4f4b4439bab004461dcc46c7,2014-03-13 12:29:48 -0400,0.5334375,0.0037500,2.4844560,0.6038194,3.5696181,1,1,0,2,4,2,7,1,NAO,0,0
121f8d02f34cfcfc2a519dfbfb9712cd987d33d3,2014-01-14 09:17:04 -0800,9.2462847,0.0000000,10.4890972,0.2827431,11.2612963,4,1,0,8,1,8,1,0,NAO,0,0
5ddbb6965fc10bd6dd4d6aa7845a3434350bb082,2014-01-13 14:45:06 -0800,44.8307407,0.0000000,19.2139815,21.1707755,21.1738310,5,1,0,12,1,20,2,0,NAO,0,0
3f14b4de1f65c1983780ef4c54d8513174591142,2014-01-03 03:00:13 -0800,35.8896181,0.0000000,36.4602199,0.1610880,36.4621759,8,1,1,17,1,25,2,1,NAO,0,0
72daae1d920086b785a822adbda38a803f09e71d,2013-12-21 11:13:04 -0800,0.0696528,1.2468519,2.5821875,3.0958681,3.1639815,2,1,0,2,2,5,2,0,NAO,0,0
0b88208022fae3562c081de3003f856b6fcee9fb,2013-10-16 19:52:00 -0700,0.0023148,0.0000000,1.0328935,1.0536343,1.0543171,1,1,2,1,1,1,1,0,NAO,0,0
bd8b9f57811bc6abab3b2d4063b14187a018d04f,2013-10-16 19:21:09 -0700,0.0000000,0.2460069,1.9135417,0.8829630,1.9158565,1,1,0,1,3,1,5,0,NAO,0,0
ee228f7aea6448cf85cc052697f8d831dce785d5,2013-09-19 12:43:42 -0700,0.0809722,0.0000000,2.5020602,2.4110880,2.5057755,1,1,0,1,1,1,1,0,NAO,0,0
5638a4fc624510ad0be27ca2c2a02fcf89c1d334,2013-09-09 21:45:19 -0700,76.7965394,0.0000000,61.7834954,6.3547106,63.2934491,11,1,0,33,1,20,1,1,NAO,0,0
b66c7da05f8f7e1f58f69ddbcb2a6bb7b1fd4587,2013-09-07 21:43:45 -0700,77.2456713,0.0000000,88.3771644,12.0722106,88.3776157,12,1,0,43,1,21,1,0,NAO,0,0
92ddf77453435b3fa01aebceb315bc9ab97da864,2013-09-07 21:43:06 -0700,35.0367708,0.0000000,21.5964699,7.1301736,21.8582060,5,1,0,16,1,9,1,0,NAO,0,0
2817d8caf2c1c021f16a7eb3f5444073e04e942b,2013-09-07 15:24:50 -0700,0.0004167,0.1431713,5.1352546,4.5416551,5.2601389,1,1,0,2,2,2,2,0,NAO,0,0
e43ff076fdba4896f31a6afea8559b33d6b6dda3,2013-09-02 08:56:03 -0700,29.7653704,0.0000000,4.9693519,3.2759028,4.9698148,2,1,0,5,1,4,1,0,NAO,0,0
3ea7381deabe68c1bd7586aa63042883576fb1f7,2013-09-02 08:55:23 -0700,112.7203125,0.8427662,98.5175347,69.6326157,98.5552199,12,1,0,45,2,23,2,1,NAO,0,0
752b5f705e1663b21ea42b8ed7b0aa0b136da2b7,2013-08-17 01:07:17 -0700,0.0000000,0.0508681,1.7007870,1.3435995,1.7008796,1,1,0,1,1,1,2,0,NAO,0,0
5aa967012001807a3620202182d6a7c1f4298475,2013-08-02 14:46:40 -0700,17.1419329,0.0000000,25.0025463,5.0758912,25.0027199,2,1,0,5,1,6,1,1,NAO,0,0
610e172fcf9306bd5812bb2bae8904c23e0e8043,2013-08-02 14:45:37 -0700,1.1489699,0.0000000,17.1408565,4.6023843,17.1413773,1,1,0,2,1,1,3,0,NAO,0,0
26802a689cbd20c9b2c5b7760205a7f57a381e77,2013-07-04 13:39:36 -0700,0.8421991,3.0824421,6.9572222,4.1078935,7.2088310,1,1,0,5,1,2,1,1,SIM,1,1
aec3428489e3e379e34efabf1ba39d656afe5032,2013-06-11 12:39:59 -0700,0.0000000,0.0000000,4.9423495,4.7883333,4.9532523,1,1,0,1,1,1,3,0,NAO,0,0
28562b2cf87cc5381b6863e181b0bcb27133c962,2013-06-03 14:52:49 -0700,21.1054051,0.0000000,11.8432292,4.9406019,12.7440394,5,1,0,6,1,9,1,0,NAO,0,0
545dca6c4de04602db81331064a5257415a72d20,2013-06-02 16:04:50 -0700,21.0517708,0.0000000,11.7895949,4.7431713,11.7940509,3,1,0,3,1,3,4,0,NAO,0,0
e59a88238975e7873f984d42d02a89a05a3c96a2,2013-06-02 15:58:25 -0700,21.0464468,0.0000000,18.3076157,4.4717245,18.3129398,3,1,0,4,1,5,1,0,NAO,0,0
ccd9828535e15f87ed8b75ca7e9de959cfe48102,2013-06-02 15:50:45 -0700,21.0442593,0.0000000,18.3054282,2.0899769,18.3076157,2,1,0,3,1,4,1,0,NAO,0,0
41f0d32355f39b0a0fadf5e90084272a1ead397c,2013-06-02 15:47:36 -0700,8.3186690,0.0000000,10.2255208,0.9633449,22.0076042,2,1,0,5,1,5,1,0,NAO,0,0
c805d80a9bff33891c0a307242dd2e02c01a7255,2013-05-11 15:36:39 -0700,11.8464931,0.0087616,15.0992708,2.7499537,15.1000694,4,1,0,16,2,11,3,1,NAO,0,0
d876778d22cbda402cf2e3c4effaf1131fb28fd6,2013-05-11 15:35:30 -0700,9.9575579,0.0000000,11.8397454,1.7139583,11.8460880,3,1,0,13,1,11,1,1,NAO,0,0
412e57160019647903680996e8d5c4090228326f,2013-05-11 15:26:22 -0700,0.0000000,0.0000000,1.2265162,0.9498727,2.2559491,1,1,0,1,1,2,1,0,NAO,0,0
028d9d8a0c99996d8f998b53dae9d4c570b2be1c,2013-05-09 09:12:54 -0700,5.8451620,0.0000000,9.5789815,1.8821875,9.5803935,1,1,0,9,1,7,1,0,NAO,0,0
ea2664a4b8e25834b40c7add11499bcccdb7813a,2013-04-25 16:29:50 -0700,9.4005556,2.2542130,3.9225116,3.9245370,3.9246644,1,1,0,1,1,1,1,0,NAO,0,0
a231406931464b6ee02f5fc038e2e93fb5489ccc,2013-04-25 16:26:44 -0700,0.0000000,0.5254282,0.6468519,6.1248958,10.0474074,1,1,0,1,1,1,1,0,NAO,0,0
49cc1a70b12ee8baf993178f291d9146b5e84ad5,2013-04-13 09:35:11 -0700,11.9254977,0.0000000,10.7737153,2.3641319,10.7868634,5,1,0,15,1,12,1,0,NAO,0,0
2db135dfc7c6057842e242b303106873b9398780,2013-04-13 09:14:41 -0700,64.2150579,0.0000000,30.7253472,18.8057176,30.7301273,9,1,0,30,1,19,2,1,NAO,0,0
6cfd01be6bfbebf50a6294d3b70edfea409b6f9a,2013-04-11 08:42:05 -0700,0.0018750,0.1865856,7.7256250,6.0246875,7.7292477,2,1,0,2,1,4,1,0,NAO,0,0
2604be5491951aa5dbc5a63328f6ae629e798f16,2013-04-03 08:26:23 -0700,0.0000000,0.3094444,1.7394792,1.0088657,1.7479514,1,1,0,1,1,1,1,0,NAO,0,0
82731dae6e316b791e7ad31df4625047864cd4a7,2013-04-01 14:29:20 -0700,53.0915741,0.0000000,65.5812500,13.2702431,65.7085880,11,1,0,27,1,16,1,1,NAO,0,0
c6d7352f5c488e5882f0de9bd38eccb1de8db9ab,2013-04-01 11:19:02 -0700,19.7381829,36.0055671,0.0018981,0.0084606,0.0085995,1,2,0,3,9,4,7,0,NAO,0,0
771573be30dcc1022c31e798089f19555a2e2666,2013-04-01 11:18:50 -0700,53.0833449,0.2385185,38.0683796,2.3046065,38.0716551,7,1,0,7,8,7,3,0,NAO,0,0
b7afa4f0f411d74155465079b2a4373331deedd6,2013-04-01 11:14:07 -0700,53.0781597,0.0000000,31.9098611,0.4798958,31.9150463,5,1,0,5,1,4,4,1,NAO,0,0
6654b7162c8d33b4a07151711f877f70f61207a9,2013-04-01 11:07:05 -0700,19.7337037,1.7347801,18.8053009,18.8078819,18.8081829,1,1,0,2,1,2,1,0,NAO,0,0
66d9a4ad43471c9dcb2ef984d2dfacca47de5bcd,2013-04-01 11:02:56 -0700,19.7333912,34.2702778,40.0304051,21.2254167,40.0307176,1,6,0,2,6,2,3,0,NAO,0,0
158f452b507cd0062ec6e63f8100035de5c7914f,2013-03-13 15:43:18 -0700,33.3406250,0.0000000,6.0783681,0.5282060,7.0080208,2,1,0,2,1,1,1,2,NAO,0,0
db5636199ee2a04fb9bc7e8eda0fb6256599bc04,2013-03-11 08:59:24 -0700,26.2423380,0.0000000,39.7519329,12.4896759,44.4794676,5,1,0,9,1,5,1,1,NAO,0,0
9df93d6deca235774bc82dfbae4d85d1b55e4069,2013-03-06 14:31:45 -0800,48.7326736,0.0000000,46.0302546,52.1110764,52.1242130,7,1,0,21,1,18,2,1,NAO,0,0
16ba1f62a3323cae6665f0bde3e490d67181e116,2013-02-13 10:56:35 -0800,0.0003125,0.1847685,5.0927662,5.0915278,5.0929167,1,1,0,2,1,1,1,0,NAO,0,0
57cda1578da747f440be6a9c4fba5d5068e07193,2013-01-23 20:29:17 -0800,13.0696644,0.0000000,5.2381134,4.1621759,5.2433681,4,1,1,7,1,10,2,1,NAO,0,0
49abd7bec1cd02ae686ceb7c60c70a23f5ec5399,2013-01-23 20:21:36 -0800,13.0668750,0.7394097,14.3126505,4.5030903,14.3153588,3,2,1,8,2,9,5,1,SIM,1,1
0ebebd80feecf66f23e78dbe51f277d45fc4f640,2013-01-23 20:17:42 -0800,10.3636690,0.0000000,14.3118634,1.2457755,14.3126505,2,1,0,7,1,8,1,0,NAO,0,0
618484a4fe35763d32e70613fea9cc01e6d564fe,2012-12-28 09:30:20 -0800,0.0000000,0.0000000,8.8185069,5.9983796,8.8222685,1,1,0,1,1,2,2,0,NAO,0,0
e2ad0d3d6e7cd3d47a81030e01f47d324af4e2bd,2012-11-21 08:46:36 -0800,12.9776505,0.2094329,0.0004630,0.0021875,0.0028125,1,1,0,6,1,5,3,1,SIM,1,1
763be5e6310c086a87ac4aecf8f8880864b32e8a,2012-11-21 08:45:42 -0800,0.3888426,0.0000000,12.7848727,12.5776273,12.7870602,1,1,0,1,1,2,3,0,NAO,0,0
c8526932f3658cfde30079298ebb132eca353b10,2012-11-21 08:43:13 -0800,12.2153472,0.3888426,12.0230324,12.7848727,12.7853356,1,1,0,6,1,5,2,1,NAO,0,0
060653bd4cf83cbcfc2241b6a3bb8a82f0589330,2012-11-20 14:25:30 -0800,4.9991782,0.0000000,4.9957523,0.1888889,12.2119213,1,1,2,6,1,5,1,0,NAO,0,0
1c616e29e22ca1a41d6079214f1f7aaa1b86fa17,2012-11-08 09:20:29 -0800,0.0004051,3.0067824,3.8292130,3.8322338,3.8323380,1,3,1,2,3,3,4,0,NAO,0,0
cb7518435fba95b9f01b8966584b76ab251d2c82,2012-11-08 09:20:20 -0800,0.1756944,0.0000000,3.0066435,2.6062963,3.0067824,1,1,0,1,1,2,1,0,NAO,0,0
2d49c0d1f38e2291be30a132e3c7f05ea0f21d84,2012-11-04 12:28:53 -0800,2.8340509,1.5529282,11.9161458,3.9034028,11.9163542,1,2,0,3,2,5,5,1,NAO,0,0
eeef763f6d3bb2d61b4b9add65ff9fba2275cc41,2012-10-06 09:58:27 -0700,0.0000000,0.3292477,8.8880903,7.8596296,8.8882060,1,1,0,1,1,1,1,0,NAO,0,0
496ee401d74868ae76a876977c7260e550bc379d,2012-09-26 09:04:35 -0700,1.0133912,0.0000000,6.8935185,6.0959606,6.8936227,1,1,2,4,1,4,1,0,NAO,0,0
363d0d4f41620443efdbed2ef15982d5f528625d,2012-09-13 09:52:46 -0700,0.0000000,0.0209375,9.7324769,0.8562153,9.7326042,1,1,0,1,1,2,1,1,NAO,0,0
8ac3e80bf02c083fbdaaeef745830c663cf0969c,2012-08-09 10:15:27 -0700,0.0000000,0.6217477,2.0448148,1.9831366,2.0449884,1,1,0,1,1,9,1,0,NAO,0,0
56bfb9249f31b0a82ff91f9e5e61c0cd2dc66765,2012-07-31 20:51:07 -0700,0.0000000,0.0046759,6.4753704,1.1435880,6.4755440,1,1,0,1,1,5,1,0,NAO,0,0
386516815a9bedaab16d1b8348431287d3bce104,2012-07-24 09:57:00 -0700,0.0000000,0.4360532,0.9311806,0.8821412,0.9313194,1,2,0,1,2,1,2,1,NAO,0,0
a861ea7eaf9c94fc2011a5325038acff31bc1d20,2012-07-24 08:46:11 -0700,0.2360069,0.0000000,0.8756829,0.4460880,0.8821412,1,1,0,1,1,1,1,0,NAO,0,0
e770b674ffd1d9dd2b9a012066a8bdd768663fba,2012-07-06 08:08:11 -0700,5.2692940,0.9672801,3.2952546,2.6606944,3.8521065,2,1,0,10,3,13,2,0,NAO,0,0
8df9e745d5f4366e1d70635bb3ce869de95f308a,2012-07-03 09:39:52 -0700,2.8835764,0.2052778,4.0206829,3.1111458,4.0269213,1,1,0,2,1,3,1,0,NAO,0,0
5db3d0f9fcfeb8cf962c6fb1f5228ef5a5c76d32,2012-06-18 09:37:37 -0700,0.0498727,0.6125000,0.0550116,0.6638542,0.6639931,1,2,0,5,2,2,2,0,NAO,0,0
80c814c3937158c5fdc659ffd0fa80fe6d412de8,2012-06-18 09:37:25 -0700,0.0128819,0.0000000,0.1631481,0.0513542,0.6638542,1,1,0,1,1,1,1,0,NAO,0,0
a32e705d499b1d5acda3f8e1011088aca97acb80,2012-06-15 11:39:04 -0700,0.0000000,1.2612847,1.7542477,1.6446412,1.7543981,1,1,0,1,2,4,2,0,NAO,0,0
442e782692da3815bef3b45769d2adca5262d783,2012-06-15 09:01:01 -0700,2.3190856,0.0000810,3.2164468,3.5998843,4.8610880,1,1,0,2,2,4,2,1,NAO,0,0
0acee673391640c40cd258321564485dd55e3f62,2012-06-08 09:47:56 -0700,0.0003704,0.4404977,1.7922801,0.7536111,1.7924074,1,1,0,2,1,6,1,1,NAO,0,0
bbaa295ee2a464f8116d3ed560e3b28f60090a81,2012-05-27 11:53:06 -0700,13.1263310,0.0094444,16.7436458,1.5221875,16.7447338,1,1,0,4,1,5,1,1,NAO,0,0
6ca180737261478d2ccc25b09d120227c28eada7,2012-05-07 12:01:19 -0700,0.0000000,3.1851736,0.9904861,3.7683218,3.7695602,1,2,0,1,3,3,2,0,NAO,0,0
b7391267079858e8efa3feda03f494dfaa0ef5c5,2012-04-25 16:08:52 -0700,0.0527546,0.9476968,0.2338773,0.0132176,0.2346759,1,1,0,4,1,4,1,0,NAO,0,0
2a951e961b9727e11c62d1805aaf2368398b1e9f,2012-04-25 10:49:58 -0700,3.2368750,0.0000000,5.6441088,4.7096296,5.6573264,2,1,0,5,1,4,1,0,NAO,0,0
0ddc40ad7f87368c469a3b63ced3468cc4433dcd,2012-04-17 20:39:06 -0700,1.5051157,0.0162269,1.9333333,0.4946875,1.9334954,1,1,0,11,1,38,1,0,NAO,0,0
377677cf30ca2234a65f20d6f905c9893d2fb91c,2012-04-10 12:19:51 -0700,0.0000000,0.0113426,5.9924653,0.8498958,5.9926620,1,1,0,1,1,2,1,0,NAO,0,0
886d7e6903638a9d992e1f51f1521a0cf8b9a391,2012-04-02 16:00:38 -0700,0.0314583,0.0000000,0.0350926,0.0237847,0.0352662,1,1,0,9,1,8,1,0,NAO,0,0
c4e003518aed19a43f471d1de48cb508dd52839c,2012-04-02 15:09:51 -0700,0.0015509,0.0097569,3.9375810,0.9442361,3.9377199,1,1,0,3,1,4,1,0,NAO,0,0
60dac4d2ff22105eefe703f8f6d6d4fa4d3808e4,2012-03-29 16:27:16 -0700,5.1976042,2.0326389,5.1994444,4.8882060,5.1996412,1,2,0,3,2,2,2,0,NAO,0,0
7ec7cb94f9ca9571cba18440138a2c8488ab098b,2012-03-23 17:59:08 -0700,0.0000000,0.0000000,23.0326620,23.0323611,23.0329745,1,1,2,1,1,5,5,2,NAO,0,0
3360613bcd71b2d719428f7eb4058196f2b67e0c,2012-02-18 12:41:55 -0800,0.0000000,8.8605787,11.1731019,10.0073032,11.1734606,1,2,1,1,10,2,5,0,NAO,0,0
15f2e0c899c488544113a7b27762ba7b3929b0ae,2012-02-17 08:42:39 -0800,0.0000000,0.0022106,6.7759954,2.7402662,7.7931250,1,1,0,1,2,1,2,0,NAO,0,0
7a329204485b5f0173b0763ad9b800b9ceb0e4ec,2012-01-17 09:51:39 -0800,0.0016782,10.5670255,15.0574884,14.4912963,15.0576273,1,3,1,2,3,1,2,1,NAO,0,0
613bdc91e57428d963f541858bf0f0e7eaffda7c,2012-01-02 08:28:40 -0800,0.0000000,2.2054861,0.1693519,10.0677894,12.7884954,1,1,2,1,9,3,8,0,NAO,0,0
85ea5f67f498ca7fa43263abca7c3d68a1d518f9,2011-12-20 13:33:14 -0800,0.0000000,2.8553588,3.9500463,3.7425810,3.9504514,1,2,1,1,12,1,10,0,NAO,0,0
e60f4a5e1ec9cf43857c62e3d9458da86aa90700,2011-12-16 14:44:35 -0800,0.0000000,0.0027894,1.2385764,0.0065972,1.2388426,1,1,0,1,1,1,1,0,NAO,0,0
547d18ce46ec4bc6592b125202984950f769b4db,2011-11-23 10:39:02 -0800,0.0000000,0.8695139,5.4095949,3.2099074,6.1156250,1,1,2,1,27,1,30,1,SIM,1,1
8a91749e12c23d1c11bb63b42dfaab01b6920fdc,2011-11-08 15:25:56 -0800,4.3242245,0.0035417,24.9386458,15.7734722,24.9406597,1,1,0,9,1,61,1,1,SIM,1,1
08e8194db1580ffeee755332896bd2b9144364ad,2011-10-13 09:45:59 -0700,1.9989583,0.0019329,3.8577662,1.3640162,3.8594792,1,1,0,2,1,2,1,0,NAO,0,0
f640d0973d11cb1d3f0f908fb35e2fffd7dfd498,2011-10-10 21:52:31 -0700,48.1367824,0.0000000,49.1025231,50.4646065,50.4665394,1,1,0,63,1,23,1,1,NAO,0,0
05342664901bb1d32e4e24e5905685257081bf94,2011-08-22 10:05:13 -0700,0.0000000,0.0000000,1.7486806,0.7829398,1.7582986,1,1,0,1,1,1,1,0,NAO,0,0
e005cb31d8ebf8c2fc40450aca40d30e4fafd2e4,2011-07-27 08:59:27 -0700,0.0004051,0.0399769,1.9016898,0.2773727,1.9020255,2,1,0,2,1,3,2,0,NAO,0,0
04ce039ba4effc7df680e8dbe06ae56d6a987abe,2011-07-14 13:19:48 -0700,0.0037616,4.9802662,7.1594907,7.1536574,7.1737731,2,2,2,20,19,16,14,1,NAO,0,0
f519f0a5b369267a726b7b0c33223ab6f4a39473,2011-07-11 11:02:10 -0700,0.0000000,0.0034954,4.0774537,2.1768866,4.0781944,1,1,0,1,1,1,1,0,NAO,0,0
48a14a443ae4c83c7a74ef52d0947ac115d82c86,2011-06-21 10:30:07 -0700,0.4642940,0.5679051,12.9090394,4.2521412,12.9097222,1,2,0,2,3,3,3,0,NAO,0,0
c6122da59b515d3d23b0d311c8f1d6d16b2823be,2011-05-20 08:07:21 -0700,0.0000000,0.0000000,0.5385995,0.5279167,0.5629630,1,1,0,1,1,4,1,0,NAO,0,0
986fac583b377995610627da0cb598c681c0aadf,2011-05-08 10:52:59 -0700,0.0080903,0.2230208,4.7527662,0.6996759,4.7532639,1,1,0,3,1,4,1,0,NAO,0,0
351f6abe4c0327783add1a65ac41feaffd21d60e,2011-04-26 14:36:51 -0700,0.0000000,0.1031019,0.0695833,1.1485069,1.1741088,1,1,2,1,23,1,9,0,NAO,0,0
64da2621da345828e2d862cd9615e743e44d5492,2011-03-02 18:37:43 -0800,0.0000000,0.0935532,0.0139120,0.0982986,0.0983796,1,1,2,1,8,1,13,0,NAO,0,0
e7c442d21c63369a02818939f63befe3e426dcc8,2011-01-03 13:34:36 -0800,0.0000000,0.0488310,3.1729514,0.2857407,3.1755208,1,1,2,1,5,2,10,1,SIM,1,0
089355d706d3a262461f476a01fd9247234f60c7,2010-11-22 17:55:17 -0800,0.0084375,0.0017245,0.0001042,0.0127778,0.0128125,0,1,0,0,2,0,3,0,NAO,0,0
3a40025fd31c5051906935df20fcb213f3e15d44,2010-11-22 17:36:59 -0800,0.0000000,0.0000000,0.0000694,0.0084028,0.0085069,0,1,0,0,1,0,1,0,NAO,0,0
c7542aef9596efde70989e2a3007c5f7c35485d7,2010-11-17 11:26:55 -0800,56.2678588,0.0000000,0.0001042,0.7236343,0.7236921,1,1,2,1,1,1,2,0,NAO,0,0
6873bce6c6a8362dc274bab8858e4852ff39b851,2010-11-16 18:04:57 -0800,56.2634144,0.0000000,0.0000347,0.0043750,0.0044792,1,1,2,1,1,1,1,0,NAO,0,0
6ddacb6302240e5275f5b083372c5e914549d367,2010-11-16 17:58:33 -0800,52.9695023,0.0155671,0.0000463,3.2939236,3.2939583,1,1,2,1,5,1,12,0,NAO,0,0
e1d33992a7f26108e07a9dd06ff5ff296052d9d2,2010-11-13 10:55:19 -0800,51.8797801,1.0894213,0.0002315,1.0899074,1.0899537,1,1,2,1,6,1,15,0,NAO,0,0
569c5139a691547636b991311c4270c9b4fb88c1,2010-11-12 08:46:07 -0800,47.8191898,0.0042593,0.0000810,4.0604398,4.0606713,1,1,2,1,3,1,3,0,NAO,0,0
6f5f5787e2de27de7909630521325261da24ed67,2010-11-08 07:18:52 -0800,34.9792014,12.7527546,0.0002083,12.8401157,12.8401968,1,1,2,1,8,1,11,0,NAO,0,0
94cf769dd795436490549a3202a51167d355d2cf,2010-10-26 12:09:17 -0700,34.5271991,0.0404630,0.0000926,0.4518866,0.4520949,1,1,2,1,10,1,5,0,NAO,0,0
6d00b45eed380f3da7905693c01c48f86d847419,2010-10-26 01:18:24 -0700,31.1538542,3.1712384,0.0003704,3.3736227,3.3737153,1,1,2,1,3,1,3,0,NAO,0,0
6a4c6933aa850a83d54032ab469b0b4e7434e9ab,2010-10-22 16:20:47 -0700,30.3016782,0.0000000,0.0007639,0.8525694,0.8529398,1,1,2,1,1,1,5,0,NAO,0,0
c35ee2427ee8f7f6ac111104fc52a97537b9dcae,2010-10-21 19:53:39 -0700,28.8949074,0.2371065,0.0000694,1.4060764,1.4068403,1,1,2,1,6,1,4,0,NAO,0,0
3d7216935a77d998e992ef6618036052fad4f13c,2010-10-20 10:07:54 -0700,28.1947338,0.6879051,0.0000347,0.7001389,0.7002083,1,1,2,1,5,1,3,0,NAO,0,0
fc15c3d02beb5ed3a6923e48a9c02f69871312da,2010-10-19 17:19:39 -0700,28.1833796,0.0049537,0.0001273,0.0114468,0.0114815,1,1,2,1,3,1,4,0,NAO,0,0
9eaec5b34e051f3f96258a8e9a3df1ccf7642378,2010-10-19 17:03:18 -0700,28.0998611,0.0006250,0.0000694,0.0834606,0.0835880,1,1,2,1,1,1,2,0,NAO,0,0
30712fa9d93c0a3b713fe7a7d8540321baa5bda6,2010-10-19 15:03:02 -0700,27.8619097,0.2366319,0.0000810,0.2379630,0.2380324,1,1,2,1,8,1,7,0,NAO,0,0
b817579d8a79b538bcb4f8e2e2620ba3294481c0,2010-10-19 09:20:23 -0700,23.8911458,3.9635880,0.0003125,3.9709954,3.9710764,1,1,2,1,15,1,30,0,NAO,0,0
4e67efc0d67c970a2f9a937410d909c4a0a2cf06,2010-10-16 19:18:38 -0700,0.0000000,0.0124769,1.2313657,1.2689468,1.2690278,1,1,2,1,2,1,20,0,NAO,0,0
cbcaba3cec403eb61731aa7cebd5ee4573dde445,2010-10-15 10:02:29 -0700,23.8241898,0.0339699,0.0003125,0.0669560,0.0672685,1,1,2,1,5,1,7,0,NAO,0,0
4e11fef43bd4da0b66633b31b399d669676a2f2d,2010-10-15 08:26:04 -0700,22.8535301,0.0001389,0.0000694,0.9704167,0.9707292,1,1,2,1,2,1,6,0,NAO,0,0
067fdd5c4c561d033d136254bcb35e1ab290135f,2010-10-14 09:08:19 -0700,22.6514468,0.1992245,0.0000463,0.2020602,0.2021296,1,1,2,1,4,1,4,0,NAO,0,0
fff815f666cac2c809893c0d69dd088ad66d167a,2010-10-14 04:17:19 -0700,22.6331250,0.0158449,0.0002662,0.0185417,0.0185880,1,1,2,1,7,1,8,0,NAO,0,0
609c18aa5b1d58845c6bcd949c296d368c634434,2010-10-14 03:50:56 -0700,22.6001157,0.0061574,0.0000694,0.0328125,0.0330787,1,1,2,1,3,1,9,0,NAO,0,0
73c108ce90cce7372ff84fc5cb7f48966a9ee30d,2010-10-14 03:03:24 -0700,21.0138889,0.0000000,0.0001736,1.5863310,1.5864005,1,1,2,1,1,1,1,0,NAO,0,0
1e9da205a7209d24d0b939980940e518df4f488f,2010-10-12 12:59:14 -0700,20.8385880,0.1320602,0.0003009,0.1754282,0.1756019,1,2,1,1,7,1,7,0,NAO,0,0
d5539c7beb304f7efa4ac214d23a15f25e32f914,2010-10-12 08:46:48 -0700,19.8323495,0.0113773,0.0000810,1.0060185,1.0063194,1,1,2,1,4,1,6,0,NAO,0,0
f87bd8c38f93a01fd0dc71fd0d16e7ce9e743288,2010-10-11 08:37:49 -0700,19.8185995,0.0000000,0.0001042,0.0137731,0.0138542,1,1,2,1,1,1,2,0,NAO,0,0
05515fa09e3e37d6b6425057e5ac041075025961,2010-10-11 08:18:01 -0700,16.9583333,0.0000000,0.0001736,2.8603356,2.8604398,1,1,2,1,1,1,1,0,NAO,0,0
35c91ed6f553da82b83fa53d90775c36030db3cf,2010-10-08 11:39:14 -0700,15.7473727,1.2039931,0.0004398,1.2112269,1.2114005,1,1,2,1,4,1,3,0,NAO,0,0
26238c429defc955dd493c1f198d342b57f933c1,2010-10-07 06:35:27 -0700,15.7135532,0.0315972,0.0000694,0.0334491,0.0338889,1,1,2,1,7,1,6,0,NAO,0,0
1b28ad16d452987d22fd10c7d82c6e4c0280fa0a,2010-10-07 05:46:45 -0700,15.6325000,0.0632523,0.0000463,0.0810301,0.0810995,1,1,2,1,5,1,9,0,NAO,0,0
e29f3aa5ddd11dc85da590d85cf0995b2feeebd7,2010-10-07 03:50:02 -0700,15.5815625,0.0231250,0.0000810,0.0509722,0.0510185,1,1,2,1,7,1,4,0,NAO,0,0
5c94603787360422d7cdebf6a12a7b11e63b10bb,2010-10-07 02:36:41 -0700,14.8244792,0.0000000,0.0003241,0.7573264,0.7574074,1,1,2,1,1,1,1,0,NAO,0,0
9409107f7742030c3564cef84f230e7ca5b7e27d,2010-10-06 08:26:29 -0700,13.7455556,0.0001389,0.0010301,1.0796296,1.0799537,1,1,2,1,2,1,3,0,NAO,0,0
7f11aa25ea6d68ea897743393b9f606ea6a1b85d,2010-10-05 06:32:50 -0700,12.9428472,0.8012963,0.0001157,0.8017940,0.8028241,1,1,2,1,7,1,24,1,NAO,0,0
1994f24d8288627a9132586dbeba80337444eab4,2010-10-04 11:16:56 -0700,12.9356366,0.0000000,0.0002083,0.0073032,0.0074190,1,1,2,1,1,1,1,0,NAO,0,0
b5b30a3f20a9ae966c0ef775c88f68ee84b2f987,2010-10-04 11:06:33 -0700,12.8090046,12.1089468,0.0001389,0.1265625,0.1267708,1,1,2,1,8,1,5,0,NAO,0,0
c3365aa37ef9c59ffbbc20e06febbdfb200e8861,2010-10-04 08:14:30 -0700,0.0449421,11.8942708,0.8717940,12.8092361,12.8165278,1,1,2,7,14,5,21,1,NAO,0,0
4fcbb961eb97d90e84b8ea049e7b678be4331572,2010-10-04 08:04:12 -0700,12.8071296,0.0001042,0.0001505,0.0018866,0.0020255,1,1,2,1,2,1,3,0,NAO,0,0
11cfad755a5526885ebaaed446115e4d3ec95f37,2010-10-04 08:01:30 -0700,10.1627315,0.0000000,0.0000810,2.6443287,2.6444792,1,1,2,1,1,1,1,0,NAO,0,0
0b24bd08c974cfd3231198d891cafcc2b0342032,2010-10-01 16:33:34 -0700,10.1614120,0.0000000,0.0000926,0.0013310,0.0014120,1,1,2,1,1,1,2,0,NAO,0,0
b37783953851a98ea028299cf556688532271b9e,2010-10-01 16:31:40 -0700,9.7881944,0.3612616,4.9648843,5.3380093,5.3381019,1,1,2,1,4,1,14,0,NAO,0,0
698d82f799f8a53d51943d7c2888c3ec87854316,2010-10-01 07:34:14 -0700,1.8735069,0.0000000,0.0084375,2.9582407,7.9231250,1,1,2,1,1,1,1,0,NAO,0,0
462a291eb87e38088dd93679d11b91fd23643b3d,2010-09-23 09:37:05 -0700,1.1458449,0.0000463,0.0004282,0.7196528,0.7280903,1,1,2,1,2,1,2,0,NAO,0,0
79dc2467f736e5c8eb0dbb5d213b7aff450319d0,2010-09-22 16:09:15 -0700,0.9753241,0.0000000,0.0001620,0.1702546,0.1706829,1,1,2,1,1,1,1,0,NAO,0,0
0a0c86813db487e08ef8843726a7d0c7c40339f9,2010-09-22 12:03:42 -0700,0.0000000,0.9755324,0.1375347,1.1126968,1.1128588,1,1,2,1,3,1,4,1,NAO,0,0
838a51db218c1610a88724c4e0a94ed3dfa5fd8b,2010-09-06 14:06:50 -0700,0.0000000,0.1016319,3.8739236,3.7706019,3.8740972,1,1,2,1,12,1,9,0,NAO,0,0
5bfa3f6274e1fdaf91009312da885c70d2a0d225,2010-08-09 07:32:20 -0700,0.0018287,2.6380903,2.9294560,2.9361574,2.9362500,1,1,2,2,2,2,1,0,NAO,0,0
eb8f1f24b76b6a46e677064cfb83e4dd87ed7d8d,2010-07-16 07:16:41 -0700,0.4568750,0.0000000,0.5961921,0.1585185,0.5968750,2,1,1,2,1,4,1,0,NAO,0,0
e49dc8bcfa87df2f0e3fbf45793639429b19403c,2010-07-16 07:15:42 -0700,0.0000000,0.0000000,0.5930208,0.1393171,0.5961921,1,1,0,1,1,3,1,0,NAO,0,0
59ac3d1d454d369f85a8c3d88dddca3c40814994,2010-07-14 11:36:38 -0700,0.0000000,0.0175694,0.0178241,0.0505671,0.0506366,1,1,2,1,5,1,5,0,NAO,0,0
d21afc43a178e193448bdcf0241a4cfdc3810612,2010-05-31 14:06:29 -0700,0.0000000,0.0016551,1.0354977,0.8644097,1.0363542,1,1,0,1,2,2,2,0,NAO,0,0
4735fb237760b59d8ffaafdfdb3ec770d73c7057,2010-05-22 08:21:08 -0700,0.0000000,0.0000000,4.6843866,1.0898495,4.6927083,1,1,0,1,1,2,2,0,NAO,0,0
529f785e3cf6ac9eaee008f356e8b9a6534cad26,2010-05-14 07:28:53 -0700,0.0770139,49.4993981,2.7287847,2.7460532,2.7544097,2,1,0,2,4,2,7,1,NAO,0,0
1aed6b5c3036e98fd5e0758730835a3a015b05b4,2010-05-14 08:05:46 -0400,0.0000000,0.8776620,6.6311574,3.9793866,6.6344097,1,2,0,1,9,1,3,0,NAO,0,0
8ef6a0b4326f901d1871f88554bf3de6f0b9d60b,2010-05-13 18:53:11 -0300,0.0111343,46.2543981,0.1504282,46.8926389,48.9555903,1,8,0,2,168,1,116,1,SIM,1,2
a180efeca72d7a6d77cbd3814561c4737546c1bd,2010-05-11 07:41:15 -0700,0.0000000,0.0000000,3.7311921,3.1017245,3.7423843,1,1,0,1,1,2,2,2,NAO,0,0
cb8e704d5c4a4b5651c47a46d75e92bd05fdf8d5,2010-05-06 15:21:47 -0700,0.8819329,0.5272569,0.9490046,0.9702431,1.1521528,2,1,0,5,2,6,10,1,SIM,1,1
46bee05d9341ec531f45411f862435652be5defc,2010-05-06 07:44:43 -0700,0.0000000,0.0000000,0.8341782,0.0670718,0.8347454,1,1,0,1,1,3,1,1,NAO,0,0
8077481707a539d97cf806861209b1aa94aac8b8,2010-04-26 07:05:49 -0700,0.0080787,0.0000000,1.6953241,0.2829745,1.7020602,1,1,0,2,1,4,1,0,NAO,0,0
7ef13eaf0c22ad6b20c7e0c80912a5aad3a48b73,2010-04-22 14:15:41 -0700,0.0158218,0.0000000,0.0000347,0.0225116,0.0225694,0,1,0,0,1,0,1,0,NAO,0,0
c01a7f57df026aba26975e08f0949ffdc643d5a9,2010-04-22 13:43:14 -0700,0.0000000,0.0000000,0.0000347,0.0158218,0.0158565,0,1,0,0,1,0,1,0,NAO,0,0
e2fe60399f02e13e60b2cdf6045f4c710f71a55d,2010-04-22 12:04:32 -0700,0.0514352,0.0419444,0.0000347,0.0431366,0.0431829,1,1,2,1,2,2,8,0,NAO,0,0
b5df39bc46ae55acd91c19761f50a60455a7c8d0,2010-04-22 11:02:24 -0700,0.0468981,0.0000000,0.0000694,0.0045718,0.0046065,1,1,2,1,1,2,3,0,NAO,0,0
671aa1036bc81b40c790b1688206f1d0783b9c8b,2010-04-22 10:55:52 -0700,0.0000000,0.0102083,0.0030440,0.0498727,0.0499421,1,1,2,1,2,2,5,0,NAO,0,0
b5d6f1ada594f6fb58c9a49d9df169ca52bc878c,2010-04-21 14:37:17 -0700,0.7472454,0.1757060,1.0280093,0.3248611,1.0610301,1,1,2,12,7,11,16,1,NAO,0,0
09bb10cd3fc49a19b3e69f124651185a869d50cd,2010-04-12 20:39:20 -0700,0.6241088,0.0049769,0.6844676,1.0539931,1.0834028,2,1,1,3,2,3,4,1,NAO,0,0
5f57c82478d69f08c27a94fc9b734fa896bab1f9,2010-04-11 18:08:05 -0700,0.0000000,1.6680093,1.6566898,1.6724421,1.6725000,0,2,0,0,2,0,4,0,NAO,0,0
694b2bf055247bd799e24005ce4aedb029d78bca,2010-04-11 18:04:31 -0700,0.0000000,0.0000000,1.4101273,1.4145602,3.0801505,1,1,2,1,1,1,4,0,NAO,0,0
a06f9632633cf2053ae12811a0df1e38234fb598,2010-03-29 07:58:13 -0700,2.4402778,0.0000000,2.6576157,0.2028935,2.6594213,2,1,1,2,2,1,31,0,NAO,0,0
e885421a6715448f4b215d0598beb9b7e1709a24,2010-03-25 08:38:54 -0700,0.0085185,0.0000000,0.0188657,0.0168981,0.0280787,1,1,0,4,1,7,6,1,NAO,0,0
759183461fceb188e6a9ee9ef1b1a068101e48a0,2010-03-24 15:44:50 -0700,0.0000000,0.0201505,0.0005208,0.0254630,0.0255093,0,1,0,0,2,0,3,0,NAO,0,0
bd74fe24fd0808c091fafa58c728ace6b6a8966b,2010-03-22 09:05:58 -0700,0.0000000,0.0000000,2.6544213,0.5242361,2.6765625,1,1,0,1,1,1,4,0,NAO,0,0
12e90b0eef180da76c3cc6c968ac26f0e642c573,2010-03-19 09:41:30 -0700,0.0298032,0.0000000,0.7207639,0.6076157,0.7226505,1,1,0,4,1,13,5,1,NAO,0,0
c5ea868f47fc89d906a7c8fa244f4a122631fa37,2010-03-18 08:02:23 -0700,0.5522801,0.0000000,0.6580671,0.1464352,0.6628472,2,1,1,3,1,3,1,0,NAO,0,0
6455e954fcc192cb8467a5c9971a26d6f12cc67a,2010-03-12 06:53:17 -0800,0.8335301,0.0000000,0.9006829,0.2286806,1.7176852,2,1,0,30,1,36,3,1,SIM,1,1
27ff13459fa3eea995003187f2c29295ef9d6d0b,2010-03-10 23:36:18 +0000,0.0049306,1.2142593,1.3025694,1.2304861,1.3113773,1,1,0,2,23,12,33,1,SIM,3,4
f7d7c4a8e03da64cd88c1e4f316d753cc56cf359,2010-03-08 16:42:41 -0800,0.0000000,14.3577546,10.1752315,24.2527778,24.2543750,1,3,1,1,9,1,22,1,NAO,0,0
50276a06df69c59cb02d24786bebd5cb4fd83f82,2010-02-11 16:11:00 -0800,4.8418519,6.0374421,6.0186111,6.0934259,6.0936227,2,1,1,14,4,16,4,1,NAO,0,0
3dc7c6a2543608f37f2384949782004b81e5e4c3,2010-02-05 09:04:08 -0800,0.0000000,0.0279051,0.0316088,0.0220833,0.0317593,1,1,0,1,1,2,1,0,NAO,0,0
4b104db2122d3c8098a3130120b9040028bde4b0,2010-02-05 11:50:12 -0500,0.0000000,0.0099074,0.7017361,0.7075579,0.7296412,1,1,0,1,3,1,2,0,NAO,0,0
cec677062b1bd72a4f660ecd61a5c9ffed76da85,2010-02-03 14:26:00 -0800,1.9417245,0.0765856,1.9621875,1.9162153,1.9658218,1,1,2,12,7,12,13,1,SIM,1,2
4a52e641cf0474839724ee81d4fa8f5f685c04f8,2010-01-25 08:59:59 -0800,2.5217361,0.0000000,2.8730440,0.2602315,2.8759838,1,1,0,1,1,1,1,0,NAO,0,0
50c0277e7f9451821ffa1d0bbf212025cb3ca27c,2010-01-25 08:55:37 -0800,2.8193750,0.0000000,0.5976157,0.9489236,3.4705671,1,1,0,5,1,5,1,0,NAO,0,0
d0a9b0cb81071dc17012f0342b7861c379cfa320,2010-01-22 10:55:37 -0800,0.0000000,0.0011690,0.1733565,0.1730440,0.1737269,1,1,2,1,2,1,2,1,NAO,0,0
497402311fa9cb63a347dfdae966a3f3a845088e,2010-01-22 06:45:27 -0800,0.0000000,0.0000000,0.0410880,2.2628472,2.6430208,1,1,0,1,1,1,1,0,NAO,0,0
046bee88443936bc53522fb9954eb7a0ba416e49,2010-01-18 20:48:56 +0000,21.2365278,5.9097917,0.7775579,6.7152546,6.7725000,1,1,0,3,25,2,30,1,NAO,0,0
7afb895f1bb72317250a6e77e331be131bb5c9f2,2010-01-12 14:07:02 -0800,0.0000000,0.0206019,0.8266898,0.8260648,0.8267361,1,1,2,1,3,1,6,1,NAO,0,0
ae33e7b673d79c33c5eaee13ed9c1b0e20f8fa55,2010-01-12 20:56:13 +0000,20.2888657,0.0795949,0.1891088,0.3592130,1.1367708,1,1,0,3,7,2,7,1,SIM,1,1
704c933927379f5fd390a6651cce15366b104932,2010-01-11 22:11:35 +0000,15.1382523,4.8063889,0.0664005,5.0279051,5.2170139,1,2,0,3,19,2,19,1,NAO,0,0
b9f15890797db2d8143fba890219e9cfc1504c6e,2010-01-10 09:34:07 -0800,1.9779398,0.0000000,3.7527431,0.0939236,3.7614931,1,1,0,3,1,7,1,0,NAO,0,0
e125ae2c480fa3afe86b290c54974f199de1c8f5,2010-01-06 18:34:42 +0000,14.7722569,0.0349421,0.4271296,0.7267245,0.7931250,1,1,0,3,8,2,15,1,NAO,0,0
3f9cbbbffba1ee6bab5cde466393a30f44d445d9,2010-01-06 09:47:40 +0000,14.3258449,0.0184259,0.0028704,0.0221528,0.4492824,1,1,0,3,7,2,8,0,NAO,0,0
6f7141a2663d9162967a90667ccfb00c050cf158,2010-01-05 23:04:50 +0000,12.8972569,0.0440509,0.3551505,1.7808681,1.7837384,1,1,0,3,6,2,16,0,NAO,0,0
99e3130f3c90a129ab443db853d4698fc6529d60,2010-01-04 12:47:40 +0000,7.8256481,4.5081250,0.6382292,5.3546875,5.7098380,1,2,0,3,29,2,25,1,NAO,0,0
22d4b18c0ed1607f114ada111950aef059fe45bf,2010-01-03 20:13:54 -0800,3.5371875,0.0000000,3.6002315,0.0473958,4.1600116,1,1,0,8,1,11,1,0,NAO,0,0
774f96fcb91e692e7122df239d0ce5a37a581c8c,2009-12-30 11:04:33 +0000,0.7254977,0.0000000,7.5263542,0.0303935,7.5271181,2,1,1,4,1,4,1,1,NAO,0,0
17ab8e81aaf9c7b52bd0d64fa17bfe0127f18180,2009-12-30 11:03:27 +0000,0.2985301,0.0880324,2.8766435,9.7655324,10.4029977,1,2,1,2,4,1,4,1,SIM,1,1
f50d22b130c40ff7c96ba1c472717e9b9748db8c,2009-12-17 14:16:57 -0800,0.0000000,0.0000000,0.0029861,0.0026389,0.0030556,1,1,2,1,1,1,4,1,NAO,0,0
09d13d5cfcdd4305b6060a6910b635b7e5b50667,2009-12-16 13:30:52 -0800,0.0793981,0.0000000,0.1260069,0.1368171,0.1430093,1,1,0,7,1,3,1,0,NAO,0,0
33ea2216c3c31aac5386d1b1f486542618eba90a,2009-12-01 07:39:39 -0800,0.0135301,9.1478009,0.0196065,0.7093634,0.9328472,1,1,0,3,18,2,13,1,NAO,0,0
a3acc21c6cc555bc4f348d2218269904e41c03c0,2009-12-01 20:28:28 +1100,6.9695370,0.6659954,0.4101273,1.8790278,2.5541088,1,2,1,14,37,11,35,1,SIM,5,5
9fa5a0bb1162fe1aaa5e1b558ac7a9fef77908bb,2009-11-30 09:08:59 -0800,0.0000000,0.0000000,0.3815509,0.3786574,0.3821528,1,1,2,1,1,1,1,2,SIM,1,1
36fbbeb24477e7957cb29930f2c62661f84c5c33,2009-11-29 17:01:08 +1100,6.9665856,3.8970486,9.1117245,8.7045486,9.1146759,1,1,2,14,10,11,9,1,SIM,3,4
bf79dd96bf7cbabef70749eb55b95af82016197d,2009-07-02 08:45:08 -0700,0.0527083,0.0000000,0.0544097,0.9695255,0.9701505,1,1,0,10,1,10,1,1,NAO,0,0
